school_name,urgent_issues,visit_reason,activities,observations,visit_date,visitor
Akwanserem,The lantern group was recognized immediately,"Routine Visit,MGR/Charging Maintenance","Routine Visit,MGR/Charging Maintenance",NA,2026-01-12,Richard
Bahankra,The school borehole isn’t working well,Routine Visit,Routine Visit,NA,2026-01-12,Richard
Domase,Immediate training for the science kits program,"Routine Visit,Look at the borehole and the classroom",Routine Visit,Student population are increasing. Their classroom isn’t sufficient to cater for the students body,2026-01-12,Richard
Abrenya,I met with the Headmaster and the SMC chairman to finds ways to improve the use.,"Routine Visit,Initiate the process of building a computer Lab","Routine Visit,Student Survey Team Visit",The school is doing well in academics. Since they got electricity recently. The school has wired all classroom with light and are doing night studies for the students who stay in close proximity,2026-01-14,Richard
Akwansu,"New charging stations because the JHS is far from the primary school block, we are in process of building a new charging station for the school",Routine Visit,"Routine Visit,Science Kit Training/Distribution",None,2026-01-19,Alex
Bepotumtum,Leakage at the one of the windows of the lab. Rains come inside the lab.,"Computer Maintenance,Student Survey Team Visit","Routine Visit,Computer Maintenance,Student Survey Team Visit",NA,2026-01-19,Richard
Tun Tun,Parent teacher meeting to help the parents understand the lantern program,"Routine Visit,MGR/Charging Maintenance","Routine Visit,MGR/Charging Maintenance,Science Kit Training/Distribution,Student Survey Team Visit",NA,2026-01-27,Richard
Ekorso Akwadum,They are relocating to a new rooms shortly,Computer Maintenance,Computer Maintenance,NA,2026-02-12,Richard
Dagomba,Increase of computers or improve current schedule,"MGR/Charging Maintenance,Computer Maintenance,Science Kit Training/Distribution",MGR/Charging Maintenance,NA,2026-02-23,Richard
