StartDate,Duration (in seconds),ResponseId,LocationLatitude,LocationLongitude,visitor,Q1_6_TEXT,Q1.5,Q1.5_6_TEXT,school_name,visit_reason,Q3_6_TEXT,activities,Q4_6_TEXT,Q5,Q5_4_TEXT,Q6,Q6.5,Q7,Q8,Q9,Q10,Q10_4_TEXT,Q11,Q11_5_TEXT,Q12,Q13,Q14,Q15,Q16,Q17,Q18,Q19,Q20,Q21,Q22,Q23,Q24,doing_well,struggles,urgent_issues,observations,visit_date
2018-10-23 4:22:57,303,R_o3FLbgTsSAXeRsO,10.831608,-0.861007,Richard,NA,NA,NA,Yorogo-Asorogobisi,"MGR Maintenance,Routine Program Evaluation,Surveyor Team Visit,Project Update Visit",NA,NA,NA,NA,NA,NA,NA,NA,NA,NA,NA,NA,NA,NA,NA,NA,NA,NA,NA,NA,NA,NA,NA,NA,NA,NA,NA,NA,NA,NA,NA,2018-10-23
2018-10-23 6:15:19,325,R_ns2dQWwP8WxQbUv,10.846962,-0.925443,Richard,NA,NA,NA,Anateem Sumbrungu,"Routine Program Evaluation,Surveyor Team Visit",NA,NA,NA,NA,NA,NA,NA,NA,NA,NA,NA,NA,NA,NA,NA,NA,NA,NA,NA,NA,NA,NA,NA,NA,NA,NA,NA,NA,NA,NA,NA,2018-10-23
2018-10-24 3:40:35,309,R_3C5yfHQ5Kywz03v,10.825993,-0.975437,Richard,NA,NA,NA,Anateem Sumbrungu,"MGR Maintenance,Routine Program Evaluation,Surveyor Team Visit",NA,NA,NA,NA,NA,NA,NA,NA,NA,NA,NA,NA,NA,NA,NA,NA,NA,NA,NA,NA,NA,NA,NA,NA,NA,NA,NA,NA,NA,NA,NA,2018-10-24
2018-11-08 4:40:41,203,R_eiGDdibJLZbzATQ,6.297167,-0.68946,Richard,NA,NA,NA,Ekorso Akwadum,Routine Program Evaluation,NA,NA,NA,NA,NA,NA,NA,NA,NA,NA,NA,NA,NA,NA,NA,NA,NA,NA,NA,NA,NA,NA,NA,NA,NA,NA,NA,NA,NA,NA,NA,2018-11-08
2019-01-21 3:36:54,1187,R_hYarIppgNOewkxC,5.851629,-0.459808,George,NA,NA,NA,Mamakrom,"MGR Maintenance,Surveyor Team Visit",NA,NA,NA,NA,NA,NA,NA,NA,NA,NA,NA,NA,NA,NA,NA,NA,NA,NA,NA,NA,NA,NA,NA,NA,NA,NA,NA,NA,NA,NA,NA,2019-01-21
2019-01-22 4:55:21,417,R_hthwh6pXZW4a5Uc,5.903184,-0.522388,George,NA,NA,NA,Wurudu Wurudu,"MGR Maintenance,Routine Program Evaluation,Surveyor Team Visit",NA,NA,NA,NA,NA,NA,NA,NA,NA,NA,NA,NA,NA,NA,NA,NA,NA,NA,NA,NA,NA,NA,NA,NA,NA,NA,NA,NA,NA,NA,NA,2019-01-22
2019-01-22 6:19:00,610,R_0t4rJiL7pkHkgX2,5.961582,-0.537116,George,NA,NA,NA,Fawotrikosie,"MGR Maintenance,Routine Program Evaluation,Surveyor Team Visit",NA,NA,NA,NA,NA,NA,NA,NA,NA,NA,NA,NA,NA,NA,NA,NA,NA,NA,NA,NA,NA,NA,NA,NA,NA,NA,NA,NA,NA,NA,NA,2019-01-22
2019-01-28 3:27:34,306,R_5sMjyQthXo4Bomm,6.371923,-1.063538,Richard,NA,NA,NA,Bepotumtum,"MGR Maintenance,Surveyor Team Visit",NA,NA,NA,NA,NA,NA,NA,NA,NA,NA,NA,NA,NA,NA,NA,NA,NA,NA,NA,NA,NA,NA,NA,NA,NA,NA,NA,NA,NA,NA,NA,2019-01-28
2019-02-01 5:49:17,1020,R_lRihW4b7dzahcvD,6.358094,-0.662475,George,NA,NA,NA,Abrenya,"MGR Maintenance,Routine Program Evaluation,Surveyor Team Visit",NA,NA,NA,NA,NA,NA,NA,NA,NA,NA,NA,NA,NA,NA,NA,NA,NA,NA,NA,NA,NA,NA,NA,NA,NA,NA,NA,NA,NA,NA,NA,2019-02-01
2019-02-08 3:26:56,488,R_fNggvWuSrKLuglg,5.945861,-0.326873,George,NA,NA,NA,Afransua Dedewa MA Primary,"Routine Program Evaluation,Surveyor Team Visit",NA,NA,NA,NA,NA,NA,NA,NA,NA,NA,NA,NA,NA,NA,NA,NA,NA,NA,NA,NA,NA,NA,NA,NA,NA,NA,NA,NA,NA,NA,NA,2019-02-08
2019-02-14 4:55:22,248,R_3legOSmRg1Sr7cc,5.86333,0.032557,George,NA,NA,NA,Dedenya,"Routine Program Evaluation,Surveyor Team Visit",NA,NA,NA,NA,NA,NA,NA,NA,NA,NA,NA,NA,NA,NA,NA,NA,NA,NA,NA,NA,NA,NA,NA,NA,NA,NA,NA,NA,NA,NA,NA,2019-02-14
2019-02-14 6:59:31,300,R_ktJnVbST9AnSBjM,5.848632,0.046842,George,NA,NA,NA,Mampong Shai,"Routine Program Evaluation,Surveyor Team Visit",NA,NA,NA,NA,NA,NA,NA,NA,NA,NA,NA,NA,NA,NA,NA,NA,NA,NA,NA,NA,NA,NA,NA,NA,NA,NA,NA,NA,NA,NA,NA,2019-02-14
2019-02-15 2:53:32,541,R_eKEoYJYHjBTrXwy,6.02492,0.259196,George,NA,NA,NA,Nyapienya,"Routine Program Evaluation,Surveyor Team Visit",NA,NA,NA,NA,NA,NA,NA,NA,NA,NA,NA,NA,NA,NA,NA,NA,NA,NA,NA,NA,NA,NA,NA,NA,NA,NA,NA,NA,NA,NA,NA,2019-02-15
2019-02-18 5:55:03,695,R_2nRIG2w1srzMijs,5.299637,-2.072169,George,NA,NA,NA,Wangarakrom,"Routine Program Evaluation,Surveyor Team Visit",NA,NA,NA,NA,NA,NA,NA,NA,NA,NA,NA,NA,NA,NA,NA,NA,NA,NA,NA,NA,NA,NA,NA,NA,NA,NA,NA,NA,NA,NA,NA,2019-02-18
2019-02-19 1:43:35,215,R_fnxTOwCRhBlEShI,5.097041,-1.955832,George,NA,NA,NA,Community 3,"Routine Program Evaluation,Surveyor Team Visit",NA,NA,NA,NA,NA,NA,NA,NA,NA,NA,NA,NA,NA,NA,NA,NA,NA,NA,NA,NA,NA,NA,NA,NA,NA,NA,NA,NA,NA,NA,NA,2019-02-19
2019-02-19 3:51:19,310,R_8FTyN7cZKIIEHOp,5.121493,-1.951448,George,NA,NA,NA,Community 9,"MGR Maintenance,Routine Program Evaluation,Surveyor Team Visit",NA,NA,NA,NA,NA,NA,NA,NA,NA,NA,NA,NA,NA,NA,NA,NA,NA,NA,NA,NA,NA,NA,NA,NA,NA,NA,NA,NA,NA,NA,NA,2019-02-19
2019-02-21 4:33:21,403,R_gr6oLzdczVTN5Ny,7.662718,-0.990698,George,NA,NA,NA,Old Konkompe,"Routine Program Evaluation,Surveyor Team Visit",NA,NA,NA,NA,NA,NA,NA,NA,NA,NA,NA,NA,NA,NA,NA,NA,NA,NA,NA,NA,NA,NA,NA,NA,NA,NA,NA,NA,NA,NA,NA,2019-02-21
2019-02-22 1:30:03,399,R_7V5sJTfHDpsXPWS,7.80242,-1.01274,George,NA,NA,NA,Nwowom,"Routine Program Evaluation,Surveyor Team Visit",NA,NA,NA,NA,NA,NA,NA,NA,NA,NA,NA,NA,NA,NA,NA,NA,NA,NA,NA,NA,NA,NA,NA,NA,NA,NA,NA,NA,NA,NA,NA,2019-02-22
2019-02-22 3:10:17,532,R_maPNBlKj7g6GYb7,7.628142,-0.970923,George,NA,NA,NA,Watro (Watroso),"Routine Program Evaluation,Surveyor Team Visit",NA,NA,NA,NA,NA,NA,NA,NA,NA,NA,NA,NA,NA,NA,NA,NA,NA,NA,NA,NA,NA,NA,NA,NA,NA,NA,NA,NA,NA,NA,NA,2019-02-22
2019-03-12 5:46:54,139,R_iyDfdUewJIZMfwm,6.849289,-1.13536,Richard,NA,NA,NA,Bahankra,"Routine Program Evaluation,Surveyor Team Visit,Project Update Visit",NA,NA,NA,NA,NA,NA,NA,NA,NA,NA,NA,NA,NA,NA,NA,NA,NA,NA,NA,NA,NA,NA,NA,NA,NA,NA,NA,NA,NA,NA,NA,2019-03-12
2019-03-20 4:26:01,2531,R_6aeA4S5RcHjub6f,11.214317,-0.976846,George,NA,NA,NA,Yorogo-Asorogobisi,"Routine Program Evaluation,Surveyor Team Visit,Science kits microscope",Science kits microscope,NA,NA,NA,NA,NA,NA,NA,NA,NA,NA,NA,NA,NA,NA,NA,NA,NA,NA,NA,NA,NA,NA,NA,NA,NA,NA,NA,NA,NA,NA,2019-03-20
2019-03-20 8:03:52,333,R_hQhgYAnnXnt8yWy,10.860889,-0.899558,George,NA,NA,NA,Nyariga Girls' School,"MGR Maintenance,Routine Program Evaluation,Surveyor Team Visit",NA,NA,NA,NA,NA,NA,NA,NA,NA,NA,NA,NA,NA,NA,NA,NA,NA,NA,NA,NA,NA,NA,NA,NA,NA,NA,NA,NA,NA,NA,NA,2019-03-20
2019-03-21 3:45:36,612,R_6XElh6q6dqHOCbw,10.846945,-0.925484,George,NA,NA,NA,Ataampuutum A/B,"MGR Maintenance,Routine Program Evaluation,Surveyor Team Visit",NA,NA,NA,NA,NA,NA,NA,NA,NA,NA,NA,NA,NA,NA,NA,NA,NA,NA,NA,NA,NA,NA,NA,NA,NA,NA,NA,NA,NA,NA,NA,2019-03-21
2019-03-21 7:24:36,361,R_5mn678J4Go2eSqN,10.825739,-0.975482,George,NA,NA,NA,Anateem Sumbrungu,"Routine Program Evaluation,Surveyor Team Visit,Science kits",Science kits,NA,NA,NA,NA,NA,NA,NA,NA,NA,NA,NA,NA,NA,NA,NA,NA,NA,NA,NA,NA,NA,NA,NA,NA,NA,NA,NA,NA,NA,NA,2019-03-21
2019-03-26 7:11:35,7777,R_hPCKSjQJ4QY1mFM,5.817202,0.318264,George,NA,NA,NA,Minya,"MGR Maintenance,Routine Program Evaluation,Surveyor Team Visit",NA,NA,NA,NA,NA,NA,NA,NA,NA,NA,NA,NA,NA,NA,NA,NA,NA,NA,NA,NA,NA,NA,NA,NA,NA,NA,NA,NA,NA,NA,NA,2019-03-26
2019-03-27 3:36:18,1293,R_e0XcibkC693w7Rm,5.952584,0.371094,George,NA,NA,NA,Amuyaokope,"MGR Maintenance,Routine Program Evaluation,Surveyor Team Visit",NA,NA,NA,NA,NA,NA,NA,NA,NA,NA,NA,NA,NA,NA,NA,NA,NA,NA,NA,NA,NA,NA,NA,NA,NA,NA,NA,NA,NA,NA,NA,2019-03-27
2019-03-27 5:46:04,382,R_e1022aBxBYtcdnT,5.986228,0.357194,George,NA,NA,NA,Luta,"Routine Program Evaluation,Surveyor Team Visit",NA,NA,NA,NA,NA,NA,NA,NA,NA,NA,NA,NA,NA,NA,NA,NA,NA,NA,NA,NA,NA,NA,NA,NA,NA,NA,NA,NA,NA,NA,NA,2019-03-27
2019-05-21 4:28:07,1097,R_5yHagBzIBz7OUsB,5.800833,-0.320693,George,NA,NA,NA,Afransua Dedewa MA Primary,Routine Program Evaluation,NA,NA,NA,NA,NA,NA,NA,NA,NA,NA,NA,NA,NA,NA,NA,NA,NA,NA,NA,NA,NA,NA,NA,NA,NA,NA,NA,NA,NA,NA,NA,2019-05-21
2019-05-22 7:29:08,68575,R_0f3sQtlinpv4n25,7.019088,-1.117802,George,NA,NA,NA,Bahankra,"Routine Program Evaluation,Surveyor Team Visit,Project Update Visit",NA,NA,NA,NA,NA,NA,NA,NA,NA,NA,NA,NA,NA,NA,NA,NA,NA,NA,NA,NA,NA,NA,NA,NA,NA,NA,NA,NA,NA,NA,NA,2019-05-22
2019-05-23 2:32:11,4158,R_9GZZVhdjCxZJwfD,7.019269,-1.117591,George,NA,NA,NA,Dagomba,"Routine Program Evaluation,Surveyor Team Visit",NA,NA,NA,NA,NA,NA,NA,NA,NA,NA,NA,NA,NA,NA,NA,NA,NA,NA,NA,NA,NA,NA,NA,NA,NA,NA,NA,NA,NA,NA,NA,2019-05-23
2019-06-07 7:05:54,496,R_6fPuF8HrR1tQDEK,5.961459,-0.537644,George,NA,NA,NA,Fawotrikosie,"MGR Maintenance,Routine Program Evaluation",NA,NA,NA,NA,NA,NA,NA,NA,NA,NA,NA,NA,NA,NA,NA,NA,NA,NA,NA,NA,NA,NA,NA,NA,NA,NA,NA,NA,NA,NA,NA,2019-06-07
2019-06-07 7:14:16,261,R_7YkZfK76odlEvqH,5.961425,-0.537666,George,NA,NA,NA,Watro (Watroso),"MGR Maintenance,Routine Program Evaluation,Menstrual kits",Menstrual kits,NA,NA,NA,NA,NA,NA,NA,NA,NA,NA,NA,NA,NA,NA,NA,NA,NA,NA,NA,NA,NA,NA,NA,NA,NA,NA,NA,NA,NA,NA,2019-06-07
2019-06-07 7:18:42,206,R_4UV9AuJ1Q0sRgXa,5.961453,-0.537624,George,NA,NA,NA,Nwowom,"MGR Maintenance,Routine Program Evaluation,Menstrual kits",Menstrual kits,NA,NA,NA,NA,NA,NA,NA,NA,NA,NA,NA,NA,NA,NA,NA,NA,NA,NA,NA,NA,NA,NA,NA,NA,NA,NA,NA,NA,NA,NA,2019-06-07
2019-06-11 3:36:58,730,R_gPSolV5HiuJyD13,5.852837,-0.459811,George,NA,NA,NA,Mamakrom,Routine Program Evaluation,NA,NA,NA,NA,NA,NA,NA,NA,NA,NA,NA,NA,NA,NA,NA,NA,NA,NA,NA,NA,NA,NA,NA,NA,NA,NA,NA,NA,NA,NA,NA,2019-06-11
2019-06-11 6:06:15,947,R_1S60sbo3xIiNB6h,5.902893,-0.522223,George,NA,NA,NA,Wurudu Wurudu,Routine Program Evaluation,NA,NA,NA,NA,NA,NA,NA,NA,NA,NA,NA,NA,NA,NA,NA,NA,NA,NA,NA,NA,NA,NA,NA,NA,NA,NA,NA,NA,NA,NA,NA,2019-06-11
2019-06-12 5:55:24,103,R_iiObKmXOmzCJ2Wl,6.297213,-0.689567,Richard,NA,NA,NA,Ekorso Akwadum,"Routine Program Evaluation,Surveyor Team Visit,Project Update Visit",NA,NA,NA,NA,NA,NA,NA,NA,NA,NA,NA,NA,NA,NA,NA,NA,NA,NA,NA,NA,NA,NA,NA,NA,NA,NA,NA,NA,NA,NA,NA,2019-06-12
2019-06-12 5:57:11,4439,R_nkh1bCe4Zd0lEa6,8,-2,Richard,NA,NA,NA,Wekpeti Abresu,"Routine Program Evaluation,Surveyor Team Visit,Project Update Visit",NA,NA,NA,NA,NA,NA,NA,NA,NA,NA,NA,NA,NA,NA,NA,NA,NA,NA,NA,NA,NA,NA,NA,NA,NA,NA,NA,NA,NA,NA,NA,2019-06-12
2019-06-12 7:02:08,789,R_dzOZQMw5WjRvh3U,5.802448,0.595581,George,NA,NA,NA,Obani,"Routine Program Evaluation,Surveyor Team Visit",NA,NA,NA,NA,NA,NA,NA,NA,NA,NA,NA,NA,NA,NA,NA,NA,NA,NA,NA,NA,NA,NA,NA,NA,NA,NA,NA,NA,NA,NA,NA,2019-06-12
2019-06-13 2:19:29,7325,R_kTRZwUOdIUTQnSo,5.783658,0.660188,George,NA,NA,NA,Azizakpem,"Routine Program Evaluation,Surveyor Team Visit",NA,NA,NA,NA,NA,NA,NA,NA,NA,NA,NA,NA,NA,NA,NA,NA,NA,NA,NA,NA,NA,NA,NA,NA,NA,NA,NA,NA,NA,NA,NA,2019-06-13
2019-06-13 5:19:35,471,R_c89GevBjWzrQ6lA,5.833162,0.648009,George,NA,NA,NA,Tuanikope,"Routine Program Evaluation,Surveyor Team Visit",NA,NA,NA,NA,NA,NA,NA,NA,NA,NA,NA,NA,NA,NA,NA,NA,NA,NA,NA,NA,NA,NA,NA,NA,NA,NA,NA,NA,NA,NA,NA,2019-06-13
2019-06-13 5:29:32,232,R_f4JXk4INoOFnyJC,6.371892,-1.063732,Richard,NA,NA,NA,Bepotumtum,"MGR Maintenance,Routine Program Evaluation,Surveyor Team Visit,Project Update Visit",NA,NA,NA,NA,NA,NA,NA,NA,NA,NA,NA,NA,NA,NA,NA,NA,NA,NA,NA,NA,NA,NA,NA,NA,NA,NA,NA,NA,NA,NA,NA,2019-06-13
2019-06-17 6:14:28,151,R_emgKBCnDdtgt5Mn,8,-2,Richard,NA,NA,NA,Essam,"Routine Program Evaluation,Surveyor Team Visit,Project Update Visit",NA,NA,NA,NA,NA,NA,NA,NA,NA,NA,NA,NA,NA,NA,NA,NA,NA,NA,NA,NA,NA,NA,NA,NA,NA,NA,NA,NA,NA,NA,NA,2019-06-17
2019-06-19 3:18:48,1431,R_3toTEFxzegt72GX,5.817221,0.318189,George,NA,NA,NA,Minya,"Routine Program Evaluation,Surveyor Team Visit",NA,NA,NA,NA,NA,NA,NA,NA,NA,NA,NA,NA,NA,NA,NA,NA,NA,NA,NA,NA,NA,NA,NA,NA,NA,NA,NA,NA,NA,NA,NA,2019-06-19
2019-06-19 5:40:28,538,R_bAjZGgM2GBla9Id,5.952498,0.371087,George,NA,NA,NA,Amuyaokope,"MGR Maintenance,Routine Program Evaluation,Surveyor Team Visit",NA,NA,NA,NA,NA,NA,NA,NA,NA,NA,NA,NA,NA,NA,NA,NA,NA,NA,NA,NA,NA,NA,NA,NA,NA,NA,NA,NA,NA,NA,NA,2019-06-19
2019-06-19 7:25:30,3209,R_0qSGFfehTkezcbb,5.986451,0.357018,George,NA,NA,NA,Luta,"Routine Program Evaluation,Surveyor Team Visit",NA,NA,NA,NA,NA,NA,NA,NA,NA,NA,NA,NA,NA,NA,NA,NA,NA,NA,NA,NA,NA,NA,NA,NA,NA,NA,NA,NA,NA,NA,NA,2019-06-19
2019-06-27 8:24:37,1380,R_9CJCxVH0w5xjBpF,5.97217,0.423934,George,NA,NA,NA,Madavunu,"Routine Program Evaluation,Surveyor Team Visit",NA,NA,NA,NA,NA,NA,NA,NA,NA,NA,NA,NA,NA,NA,NA,NA,NA,NA,NA,NA,NA,NA,NA,NA,NA,NA,NA,NA,NA,NA,NA,2019-06-27
2019-06-27 8:48:02,282,R_9JeALj5tsgfCtpX,5.972261,0.424137,George,NA,NA,NA,Terhey,"Routine Program Evaluation,Surveyor Team Visit",NA,NA,NA,NA,NA,NA,NA,NA,NA,NA,NA,NA,NA,NA,NA,NA,NA,NA,NA,NA,NA,NA,NA,NA,NA,NA,NA,NA,NA,NA,NA,2019-06-27
2019-07-03 7:25:26,1066,R_3sNQsL0ZG0TpWCx,6.024798,0.259054,George,NA,NA,NA,Nyapienya,"Routine Program Evaluation,Surveyor Team Visit",NA,NA,NA,NA,NA,NA,NA,NA,NA,NA,NA,NA,NA,NA,NA,NA,NA,NA,NA,NA,NA,NA,NA,NA,NA,NA,NA,NA,NA,NA,NA,2019-07-03
2019-07-10 5:17:55,645,R_5jOEziRjCiEbGVl,5.299505,-2.072131,George,NA,NA,NA,Wangarakrom,"Routine Program Evaluation,Surveyor Team Visit",NA,NA,NA,NA,NA,NA,NA,NA,NA,NA,NA,NA,NA,NA,NA,NA,NA,NA,NA,NA,NA,NA,NA,NA,NA,NA,NA,NA,NA,NA,NA,2019-07-10
2019-07-11 1:50:21,479,R_8hyJxdyZfJI7yV5,5.097184,-1.956006,George,NA,NA,NA,Community 3,"Routine Program Evaluation,Surveyor Team Visit",NA,NA,NA,NA,NA,NA,NA,NA,NA,NA,NA,NA,NA,NA,NA,NA,NA,NA,NA,NA,NA,NA,NA,NA,NA,NA,NA,NA,NA,NA,NA,2019-07-11
2019-07-11 3:28:16,373,R_eKYfVUrzaoUvvH4,5.12152,-1.951233,George,NA,NA,NA,Community 9,"Routine Program Evaluation,Surveyor Team Visit",NA,NA,NA,NA,NA,NA,NA,NA,NA,NA,NA,NA,NA,NA,NA,NA,NA,NA,NA,NA,NA,NA,NA,NA,NA,NA,NA,NA,NA,NA,NA,2019-07-11
2019-07-16 5:03:37,273,R_eSzuUsyQrAjX2ji,6.231176,-0.057539,Isaac,NA,NA,NA,Yonguase,"Routine Program Evaluation,Menstrual kits distribution",Menstrual kits distribution,NA,NA,NA,NA,NA,NA,NA,NA,NA,NA,NA,NA,NA,NA,NA,NA,NA,NA,NA,NA,NA,NA,NA,NA,NA,NA,NA,NA,NA,NA,2019-07-16
2020-02-04 7:25:51,463,R_khjEzNZSy4vUCtv,7.662921,-0.990515,George,NA,NA,NA,Old Konkompe,"MGR Maintenance,Routine Program Evaluation,Surveyor Team Visit",NA,NA,NA,NA,NA,NA,NA,NA,NA,NA,NA,NA,NA,NA,NA,NA,NA,NA,NA,NA,NA,NA,NA,NA,NA,NA,NA,NA,NA,NA,NA,2020-02-04
2022-10-11 8:34:21,340,R_dNWGcdhZzdG5qAp,5.29982,-2.071977,George,NA,NA,NA,Wangarakrom,"Routine Program Evaluation,Surveyor Team Visit",NA,NA,NA,NA,NA,NA,NA,NA,NA,NA,NA,NA,NA,NA,NA,NA,NA,NA,NA,NA,NA,NA,NA,NA,NA,NA,NA,NA,NA,NA,NA,2022-10-11
2022-11-29 8:28:03,151,R_eYuHD8lDpjWgize,5.802334,0.59557,George,NA,NA,NA,Obani,"Routine Program Evaluation,Surveyor Team Visit",NA,NA,NA,NA,NA,NA,NA,NA,NA,NA,NA,NA,NA,NA,NA,NA,NA,NA,NA,NA,NA,NA,NA,NA,NA,NA,NA,NA,NA,NA,NA,2022-11-29
2023-07-10 6:17:34,360,R_llthtdUs9RZopi8,6.024812,0.259177,George,NA,NA,NA,Nyapienya,"MGR Maintenance,Routine Program Evaluation,Surveyor Team Visit",NA,NA,NA,NA,NA,NA,NA,NA,NA,NA,NA,NA,NA,NA,NA,NA,NA,NA,NA,NA,NA,NA,NA,NA,NA,NA,NA,NA,NA,NA,NA,2023-07-10
2023-07-10 6:29:15,2136,R_6qUYuiRltaeRdtP,NA,NA,George,NA,NA,NA,Nyapienya,"MGR Maintenance,Routine Program Evaluation,Surveyor Team Visit",NA,NA,NA,NA,NA,NA,NA,NA,NA,NA,NA,NA,NA,NA,NA,NA,NA,NA,NA,NA,NA,NA,NA,NA,NA,NA,NA,NA,NA,NA,NA,2023-07-10
2023-07-13 6:20:36,608,R_gyR8IdZnEkNbGYn,6.849223,-1.135352,George,NA,NA,NA,Bahankra,"Routine Program Evaluation,Surveyor Team Visit",NA,NA,NA,NA,NA,NA,NA,NA,NA,NA,NA,NA,NA,NA,NA,NA,NA,NA,NA,NA,NA,NA,NA,NA,NA,NA,NA,NA,NA,NA,NA,2023-07-13
2023-07-20 5:22:50,184,R_gt7ODyG3WwjS6On,5.985979,0.356787,Richard,NA,NA,NA,Luta,"Routine Program Evaluation,Project Update Visit",NA,NA,NA,NA,NA,NA,NA,NA,NA,NA,NA,NA,NA,NA,NA,NA,NA,NA,NA,NA,NA,NA,NA,NA,NA,NA,NA,NA,NA,NA,NA,2023-07-20
2023-07-21 3:16:36,236,R_beuAqzkrsGiLgdQ,NA,NA,Richard,NA,NA,NA,Bomigo,"Routine Program Evaluation,Project Update Visit",NA,NA,NA,NA,NA,NA,NA,NA,NA,NA,NA,NA,NA,NA,NA,NA,NA,NA,NA,NA,NA,NA,NA,NA,NA,NA,NA,NA,NA,NA,NA,2023-07-21
2023-08-08 6:32:39,688,R_347IjUvZ3rfFtgW,7.662902,-0.991043,George,NA,NA,NA,Old Konkompe,"Routine Program Evaluation,Surveyor Team Visit",NA,NA,NA,NA,NA,NA,NA,NA,NA,NA,NA,NA,NA,NA,NA,NA,NA,NA,NA,NA,NA,NA,NA,NA,NA,NA,NA,NA,NA,NA,NA,2023-08-08
2023-08-08 8:31:42,833,R_hiKkfuHH6SlQLP3,NA,NA,George,NA,NA,NA,Watro (Watroso),"Routine Program Evaluation,Surveyor Team Visit",NA,NA,NA,NA,NA,NA,NA,NA,NA,NA,NA,NA,NA,NA,NA,NA,NA,NA,NA,NA,NA,NA,NA,NA,NA,NA,NA,NA,NA,NA,NA,2023-08-08
2023-08-16 4:51:34,560,R_g0R6mGV5kqrp23n,5.961392,-0.537672,George,NA,NA,NA,Fawotrikosie,"Routine Program Evaluation,Surveyor Team Visit",NA,NA,NA,NA,NA,NA,NA,NA,NA,NA,NA,NA,NA,NA,NA,NA,NA,NA,NA,NA,NA,NA,NA,NA,NA,NA,NA,NA,NA,NA,NA,2023-08-16
2023-08-23 5:58:38,6075,R_iRBJvi05WPE6pbU,6.232793,-0.058388,George,NA,NA,NA,Yonguase,"Routine Program Evaluation,Surveyor Team Visit",NA,NA,NA,NA,NA,NA,NA,NA,NA,NA,NA,NA,NA,NA,NA,NA,NA,NA,NA,NA,NA,NA,NA,NA,NA,NA,NA,NA,NA,NA,NA,2023-08-23
2023-08-24 1:43:41,3686,R_lRmQUdsl5C4zzTQ,6.215218,-0.005323,George,NA,NA,NA,Tsledom,"Routine Program Evaluation,Surveyor Team Visit",NA,NA,NA,NA,NA,NA,NA,NA,NA,NA,NA,NA,NA,NA,NA,NA,NA,NA,NA,NA,NA,NA,NA,NA,NA,NA,NA,NA,NA,NA,NA,2023-08-24
2023-08-24 7:04:10,6292,R_ctz5O768j7MuwM4,6.316312,-0.016793,George,NA,NA,NA,Obelemanya,"Routine Program Evaluation,Surveyor Team Visit",NA,NA,NA,NA,NA,NA,NA,NA,NA,NA,NA,NA,NA,NA,NA,NA,NA,NA,NA,NA,NA,NA,NA,NA,NA,NA,NA,NA,NA,NA,NA,2023-08-24
2023-08-30 4:15:36,392,R_mY3tZFca08RgVMj,5.852018,-0.459693,George,NA,NA,NA,Mamakrom,"Routine Program Evaluation,Menstrual kits",Menstrual kits,NA,NA,NA,NA,NA,NA,NA,NA,NA,NA,NA,NA,NA,NA,NA,NA,NA,NA,NA,NA,NA,NA,NA,NA,NA,NA,NA,NA,NA,NA,2023-08-30
2024-01-11 3:03:31,250,R_oHlViGJhHsAYiEm,5.897997,-0.276152,George,NA,NA,NA,Obosonu,Routine Program Evaluation,NA,NA,NA,NA,NA,NA,NA,NA,NA,NA,NA,NA,NA,NA,NA,NA,NA,NA,NA,NA,NA,NA,NA,NA,NA,NA,NA,NA,NA,NA,NA,2024-01-11
2024-01-11 4:05:29,547,R_0mIx1UkITIrloM9,5.912202,-0.256322,George,NA,NA,NA,Akwansu,"MGR Maintenance,Routine Program Evaluation",NA,NA,NA,NA,NA,NA,NA,NA,NA,NA,NA,NA,NA,NA,NA,NA,NA,NA,NA,NA,NA,NA,NA,NA,NA,NA,NA,NA,NA,NA,NA,2024-01-11
2024-01-15 3:13:50,338,R_lboxfGFUBJ5gQBZ,5.817155,0.318347,George,NA,NA,NA,Minya,"MGR Maintenance,Routine Program Evaluation",NA,NA,NA,NA,NA,NA,NA,NA,NA,NA,NA,NA,NA,NA,NA,NA,NA,NA,NA,NA,NA,NA,NA,NA,NA,NA,NA,NA,NA,NA,NA,2024-01-15
2024-01-15 4:15:49,406,R_1P7jfXkXxwgSTfq,NA,NA,George,NA,NA,NA,Amuyaokope,MGR Maintenance,NA,NA,NA,NA,NA,NA,NA,NA,NA,NA,NA,NA,NA,NA,NA,NA,NA,NA,NA,NA,NA,NA,NA,NA,NA,NA,NA,NA,NA,NA,NA,2024-01-15
2024-01-15 5:25:22,345,R_luNZKkkvmM2u9o3,5.985958,0.356837,George,NA,NA,NA,Luta,Routine Program Evaluation,NA,NA,NA,NA,NA,NA,NA,NA,NA,NA,NA,NA,NA,NA,NA,NA,NA,NA,NA,NA,NA,NA,NA,NA,NA,NA,NA,NA,NA,NA,NA,2024-01-15
2024-01-15 6:02:31,263,R_93fmY8drTj8XHbb,NA,NA,George,NA,NA,NA,Madavunu,Routine Program Evaluation,NA,NA,NA,NA,NA,NA,NA,NA,NA,NA,NA,NA,NA,NA,NA,NA,NA,NA,NA,NA,NA,NA,NA,NA,NA,NA,NA,NA,NA,NA,NA,2024-01-15
2024-01-15 6:21:11,264,R_lvLP75VQPM9MI66,6.004467,0.425783,George,NA,NA,NA,Terhey,Routine Program Evaluation,NA,NA,NA,NA,NA,NA,NA,NA,NA,NA,NA,NA,NA,NA,NA,NA,NA,NA,NA,NA,NA,NA,NA,NA,NA,NA,NA,NA,NA,NA,NA,2024-01-15
2024-02-06 5:55:19,239,R_4g9FlzAUy3cxdG1,6.231049,-0.05763,Richard,NA,NA,NA,Mpaem,"Routine Program Evaluation,Project Update Visit",NA,NA,NA,NA,NA,NA,NA,NA,NA,NA,NA,NA,NA,NA,NA,NA,NA,NA,NA,NA,NA,NA,NA,NA,NA,NA,NA,NA,NA,NA,NA,2024-02-06
2024-02-13 3:43:30,719,R_4NVravRgRlzqlvV,6.86537,-1.21774,George,NA,NA,NA,Domase,Routine Program Evaluation,NA,NA,NA,NA,NA,NA,NA,NA,NA,NA,NA,NA,NA,NA,NA,NA,NA,NA,NA,NA,NA,NA,NA,NA,NA,NA,NA,NA,NA,NA,NA,2024-02-13
2024-02-13 3:55:33,108,R_nliMgU1B03dpKdO,NA,NA,George,NA,NA,NA,Bahankra,"Routine Program Evaluation,Project Update Visit",NA,NA,NA,NA,NA,NA,NA,NA,NA,NA,NA,NA,NA,NA,NA,NA,NA,NA,NA,NA,NA,NA,NA,NA,NA,NA,NA,NA,NA,NA,NA,2024-02-13
2024-02-21 12:37:03,485,R_2bPRB3ts8jPxqcM,5.800687,-0.32032,George,NA,NA,NA,Nyapienya,"MGR Maintenance,Routine Program Evaluation",NA,NA,NA,NA,NA,NA,NA,NA,NA,NA,NA,NA,NA,NA,NA,NA,NA,NA,NA,NA,NA,NA,NA,NA,NA,NA,NA,NA,NA,NA,NA,2024-02-21
2024-02-28 1:09:41,579,R_oo6OeJIa4Kpv2u8,5.57821,-0.88165,George,NA,NA,NA,Mansokwa,MGR Maintenance,NA,NA,NA,NA,NA,NA,NA,NA,NA,NA,NA,NA,NA,NA,NA,NA,NA,NA,NA,NA,NA,NA,NA,NA,NA,NA,NA,NA,NA,NA,NA,2024-02-28
2024-02-28 9:40:36,424,R_78L7Hk5Tuqzc7Xy,5.121583,-1.95155,George,NA,NA,NA,Community 9,"MGR Maintenance,Routine Program Evaluation",NA,NA,NA,NA,NA,NA,NA,NA,NA,NA,NA,NA,NA,NA,NA,NA,NA,NA,NA,NA,NA,NA,NA,NA,NA,NA,NA,NA,NA,NA,NA,2024-02-28
2024-02-29 1:23:38,406,R_nMLPZHP6gHT8ORB,5.09735,-1.95591,George,NA,NA,NA,Community 3,"MGR Maintenance,Routine Program Evaluation",NA,NA,NA,NA,NA,NA,NA,NA,NA,NA,NA,NA,NA,NA,NA,NA,NA,NA,NA,NA,NA,NA,NA,NA,NA,NA,NA,NA,NA,NA,NA,2024-02-29
2024-03-08 5:27:34,286,R_fXOykUuJHEIvh0h,5.912152,-0.25636,George,NA,NA,NA,Akwansu,MGR Maintenance,NA,NA,NA,NA,NA,NA,NA,NA,NA,NA,NA,NA,NA,NA,NA,NA,NA,NA,NA,NA,NA,NA,NA,NA,NA,NA,NA,NA,NA,NA,NA,2024-03-08
2024-03-14 3:49:35,6065,R_jO7Fq2DASIgWHNy,7.601247,-1.20547,George,NA,NA,NA,Ebourso,"MGR Maintenance,Routine Program Evaluation",NA,NA,NA,NA,NA,NA,NA,NA,NA,NA,NA,NA,NA,NA,NA,NA,NA,NA,NA,NA,NA,NA,NA,NA,NA,NA,NA,NA,NA,NA,NA,2024-03-14
2024-03-14 7:04:10,576,R_g5FM3RiIZKEquwD,NA,NA,George,NA,NA,NA,Old Konkompe,Routine Program Evaluation,NA,NA,NA,NA,NA,NA,NA,NA,NA,NA,NA,NA,NA,NA,NA,NA,NA,NA,NA,NA,NA,NA,NA,NA,NA,NA,NA,NA,NA,NA,NA,2024-03-14
2024-03-14 7:46:06,512,R_83TvUh9qZe6Q8rS,5.485927,0.131773,George,NA,NA,NA,Watro (Watroso),Routine Program Evaluation,NA,NA,NA,NA,NA,NA,NA,NA,NA,NA,NA,NA,NA,NA,NA,NA,NA,NA,NA,NA,NA,NA,NA,NA,NA,NA,NA,NA,NA,NA,NA,2024-03-14
2024-03-15 3:24:40,4297,R_8xho0lLWiGlbwi9,7.802448,-1.01283,George,NA,NA,NA,Nwowom,Routine Program Evaluation,NA,NA,NA,NA,NA,NA,NA,NA,NA,NA,NA,NA,NA,NA,NA,NA,NA,NA,NA,NA,NA,NA,NA,NA,NA,NA,NA,NA,NA,NA,NA,2024-03-15
2024-03-20 4:02:31,448,R_lWgG1cvXm8VPHLq,5.9461,-0.32668,George,NA,NA,NA,Afransua Dedewa MA Primary,"Routine Program Evaluation,Work on borehole",Work on borehole,NA,NA,NA,NA,NA,NA,NA,NA,NA,NA,NA,NA,NA,NA,NA,NA,NA,NA,NA,NA,NA,NA,NA,NA,NA,NA,NA,NA,NA,NA,2024-03-20
2024-03-26 5:20:56,660,R_0S4x0fb83fVIdZv,6.850353,-1.13641,George,NA,NA,NA,Bahankra,MGR Maintenance,NA,NA,NA,NA,NA,NA,NA,NA,NA,NA,NA,NA,NA,NA,NA,NA,NA,NA,NA,NA,NA,NA,NA,NA,NA,NA,NA,NA,NA,NA,NA,2024-03-26
2024-04-09 5:29:37,471,R_4YxVRw4eXrzPRsA,6.158119,-0.33803,Richard,NA,NA,NA,Mpaem,Routine Program Evaluation,NA,NA,NA,NA,NA,NA,NA,NA,NA,NA,NA,NA,NA,NA,NA,NA,NA,NA,NA,NA,NA,NA,NA,NA,NA,NA,NA,NA,NA,NA,NA,2024-04-09
2024-05-03 4:48:20,155,R_55tafeLOGNYv7kz,5.578233,-0.88176,George,NA,NA,NA,Mansokwa,"MGR Maintenance,Routine Program Evaluation",NA,NA,NA,NA,NA,NA,NA,NA,NA,NA,NA,NA,NA,NA,NA,NA,NA,NA,NA,NA,NA,NA,NA,NA,NA,NA,NA,NA,NA,NA,NA,2024-05-03
2024-05-06 3:16:19,356,R_5Eaco7w3sZkOkiI,6.158102,-0.33816,Richard,NA,NA,NA,Mpaem,Project Update Visit,NA,NA,NA,NA,NA,NA,NA,NA,NA,NA,NA,NA,NA,NA,NA,NA,NA,NA,NA,NA,NA,NA,NA,NA,NA,NA,NA,NA,NA,NA,NA,2024-05-06
2024-05-07 3:15:51,143,R_bYBeTV4Wuz1jsDl,6.372845,-1.06353,Richard,NA,NA,NA,Begoro,Project Update Visit,NA,NA,NA,NA,NA,NA,NA,NA,NA,NA,NA,NA,NA,NA,NA,NA,NA,NA,NA,NA,NA,NA,NA,NA,NA,NA,NA,NA,NA,NA,NA,2024-05-07
2024-05-07 3:18:17,1046,R_khSoVZ9TqgiVFny,NA,NA,Richard,NA,NA,NA,Bepotumtum,"Routine Program Evaluation,Surveyor Team Visit,Project Update Visit",NA,NA,NA,NA,NA,NA,NA,NA,NA,NA,NA,NA,NA,NA,NA,NA,NA,NA,NA,NA,NA,NA,20,NA,NA,NA,NA,NA,NA,NA,NA,2024-05-07
2024-05-07 4:48:26,148,R_ogCIEpIo5ib1ZhG,5.578212,-0.88193,George,NA,NA,NA,Mansokwa,"MGR Maintenance,Surveyor Team Visit",NA,NA,NA,NA,NA,NA,NA,NA,NA,NA,NA,NA,NA,NA,NA,NA,NA,NA,NA,NA,NA,NA,NA,NA,NA,NA,NA,NA,NA,NA,NA,2024-05-07
2024-05-07 5:56:33,186,R_gwTrM4Ed8BrahCG,6.297395,-0.68933,Richard,NA,NA,NA,Ekorso Akwadum,"Routine Program Evaluation,Project Update Visit",NA,NA,NA,NA,NA,NA,NA,NA,NA,NA,NA,NA,NA,NA,NA,NA,NA,NA,NA,NA,NA,NA,NA,NA,NA,NA,NA,NA,NA,NA,NA,2024-05-07
2024-05-08 3:20:18,201,R_78m2HvwwYQijT0z,5.903202,-0.52254,Richard,NA,NA,NA,Wurudu Wurudu,"Routine Program Evaluation,Project Update Visit",NA,NA,NA,NA,NA,NA,NA,NA,NA,NA,NA,NA,NA,NA,NA,NA,NA,NA,NA,NA,NA,NA,18,NA,NA,NA,NA,NA,NA,NA,NA,2024-05-08
2024-05-08 4:40:35,100,R_0wNJjnGWVf7ywQO,5.961369,-0.5377,Richard,NA,NA,NA,Fawotrikosie,"Routine Program Evaluation,Project Update Visit",NA,NA,NA,NA,NA,NA,NA,NA,NA,NA,NA,NA,NA,NA,NA,NA,NA,NA,NA,NA,NA,NA,18,NA,NA,NA,NA,NA,NA,NA,NA,2024-05-08
2024-05-09 4:13:59,465,R_9B4lcXsdn5Jnghq,5.81711,0.318313,George,NA,NA,NA,Minya,"MGR Maintenance,Routine Program Evaluation,Anna interview",Anna interview,NA,NA,NA,NA,NA,NA,NA,NA,NA,NA,NA,NA,NA,NA,NA,NA,NA,NA,NA,NA,NA,NA,NA,NA,NA,NA,NA,NA,NA,NA,2024-05-09
2024-05-10 3:43:51,270,R_ngbwI9kDTm4A5U5,5.94612,-0.32672,George,NA,NA,NA,Afransua Dedewa MA Primary,"Routine Program Evaluation,Fix borehole",Fix borehole,NA,NA,NA,NA,NA,NA,NA,NA,NA,NA,NA,NA,NA,NA,NA,NA,NA,NA,NA,NA,NA,NA,NA,NA,NA,NA,NA,NA,NA,NA,2024-05-10
2024-05-14 4:07:17,708,R_hj9jWQSNj6WRTJH,6.231217,-0.05743,George,NA,NA,NA,Yonguase,"MGR Maintenance,Routine Program Evaluation",NA,NA,NA,NA,NA,NA,NA,NA,NA,NA,NA,NA,NA,NA,NA,NA,NA,NA,NA,NA,NA,NA,NA,NA,NA,NA,NA,NA,NA,NA,NA,2024-05-14
2024-05-14 8:30:13,216,R_diOzlNU9u6jj8WX,6.215037,-0.00494,George,NA,NA,NA,Tsledom,"MGR Maintenance,Routine Program Evaluation",NA,NA,NA,NA,NA,NA,NA,NA,NA,NA,NA,NA,NA,NA,NA,NA,NA,NA,NA,NA,NA,NA,NA,NA,NA,NA,NA,NA,NA,NA,NA,2024-05-14
2024-05-15 2:01:38,1424,R_hi9hxOvJFrAG4YN,6.31608,-0.01694,George,NA,NA,NA,Obelemanya,Routine Program Evaluation,NA,NA,NA,NA,NA,NA,NA,NA,NA,NA,NA,NA,NA,NA,NA,NA,NA,NA,NA,NA,NA,NA,NA,NA,NA,NA,NA,NA,NA,NA,NA,2024-05-15
2024-05-15 6:51:23,685,R_0RJ1UVUzvx8F0nJ,6.02467,0.259012,George,NA,NA,NA,Nyapienya,Routine Program Evaluation,NA,NA,NA,NA,NA,NA,NA,NA,NA,NA,NA,NA,NA,NA,NA,NA,NA,NA,NA,NA,NA,NA,NA,NA,NA,NA,NA,NA,NA,NA,NA,2024-05-15
2024-05-20 3:01:11,1098,R_mQf4wcOU11iFvsG,5.851528,-0.45964,George,NA,NA,NA,Mamakrom,"Routine Program Evaluation,Menstrual kits distribution",Menstrual kits distribution,NA,NA,NA,NA,NA,NA,NA,NA,NA,NA,NA,NA,NA,NA,NA,NA,NA,NA,NA,NA,NA,10,NA,NA,NA,NA,NA,NA,NA,NA,2024-05-20
2024-05-20 4:54:02,201,R_9gxfJzk0GkI85K9,NA,NA,George,NA,NA,NA,Afransua Dedewa MA Primary,"Project Update Visit,Menstrual kits distribution",Menstrual kits distribution,NA,NA,NA,NA,NA,NA,NA,NA,NA,NA,NA,NA,NA,NA,NA,NA,NA,NA,NA,NA,NA,9,NA,NA,NA,NA,NA,NA,NA,NA,2024-05-20
2024-05-22 1:33:13,1525,R_2j8YHQxpAnxhvmP,7.290715,-2.40535,George,NA,NA,NA,Nwawasua MA,"MGR Maintenance,Routine Program Evaluation",NA,NA,NA,NA,NA,NA,NA,NA,NA,NA,NA,NA,NA,NA,NA,NA,NA,NA,NA,NA,NA,NA,NA,NA,NA,NA,NA,NA,NA,NA,NA,2024-05-22
2024-05-22 3:15:26,2952,R_0HilJMpAvcOPnOy,7.28199,-2.4358,George,NA,NA,NA,Kurasua #1 MA,Routine Program Evaluation,NA,NA,NA,NA,NA,NA,NA,NA,NA,NA,NA,NA,NA,NA,NA,NA,NA,NA,NA,NA,NA,NA,NA,NA,NA,NA,NA,NA,NA,NA,NA,2024-05-22
2024-05-27 4:28:03,134,R_9xg8nIbHDMPRYxr,NA,NA,Richard,NA,NA,NA,Obosonu,"Routine Program Evaluation,Project Update Visit",NA,NA,NA,NA,NA,NA,NA,NA,NA,NA,NA,NA,NA,NA,NA,NA,NA,NA,NA,NA,NA,NA,NA,NA,NA,NA,NA,NA,NA,NA,NA,2024-05-27
2024-05-29 6:25:10,604,R_i25Hf0criJmfit0,5.903098,-0.5222,George,NA,NA,NA,Wurudu Wurudu,"Routine Program Evaluation,Interview students (Morgan)",Interview students (Morgan),NA,NA,NA,NA,NA,NA,NA,NA,NA,NA,NA,NA,NA,NA,NA,NA,NA,NA,NA,NA,NA,NA,NA,NA,NA,NA,NA,NA,NA,NA,2024-05-29
2024-06-07 4:18:23,1321,R_omtfSNjtzrEgg34,5.897887,-0.27619,George,NA,NA,NA,Obosonu,"MGR Maintenance,Routine Program Evaluation",NA,NA,NA,NA,NA,NA,NA,NA,NA,NA,NA,NA,NA,NA,NA,NA,NA,NA,NA,NA,NA,NA,NA,NA,NA,NA,NA,NA,NA,NA,NA,2024-06-07
2024-06-24 5:52:53,4172,R_ebxd9yLOe3QDKiX,5.9034,-0.52241,George,NA,NA,NA,Wurudu Wurudu,Science kits,Science kits,NA,NA,NA,NA,NA,NA,NA,NA,NA,NA,NA,NA,NA,NA,NA,NA,NA,NA,NA,NA,NA,NA,NA,NA,NA,NA,NA,NA,NA,NA,2024-06-24
2024-06-27 5:41:26,133,R_5owjzi3QPmC7UT1,NA,NA,Richard,NA,NA,NA,Minya,"MGR Maintenance,Project Update Visit",NA,NA,NA,NA,NA,NA,NA,NA,NA,NA,NA,NA,NA,NA,NA,NA,NA,NA,NA,NA,NA,NA,NA,NA,NA,NA,NA,NA,NA,NA,NA,2024-06-27
10/25/24 3:43,NA,NA,NA,NA,Richard,NA,"Richard,Alex,Other",Ben,Koni Kablu,Project Update Visit,NA,NA,NA,NA,NA,NA,NA,NA,NA,NA,NA,NA,NA,NA,NA,NA,NA,NA,NA,NA,NA,NA,NA,NA,NA,NA,NA,NA,NA,NA,NA,2024-10-25
2024-10-25 3:43:45,178,R_atyIpBp1fJA4Koo,5.880699,0.337245,Richard,NA,"Richard,Alex,Other",Ben,Koni Kablu,NA,NA,NA,NA,NA,NA,NA,NA,NA,NA,NA,NA,NA,NA,NA,NA,NA,NA,NA,NA,NA,NA,NA,NA,NA,NA,NA,NA,NA,NA,NA,NA,2024-10-25
2024-10-27 4:20:43,123,R_cFi19UGaocM3TTT,5.70425,-0.99293,Richard,NA,"Richard,Alex,Other",Ben,Minya,Project Update Visit,NA,NA,NA,NA,NA,NA,NA,NA,NA,NA,NA,NA,NA,NA,NA,NA,NA,NA,NA,NA,NA,NA,NA,NA,NA,NA,NA,NA,NA,NA,NA,2024-10-27
2025-01-16 2:02:37,108,R_ifXbwreen7g6Jv3,6.309045,-0.67146,Richard,NA,Richard,NA,Wekpeti Abresu,MGR Maintenance,NA,NA,NA,NA,NA,NA,NA,NA,NA,NA,NA,NA,NA,NA,NA,NA,NA,NA,NA,NA,NA,NA,NA,NA,NA,NA,NA,NA,NA,NA,NA,2025-01-16
2025-01-16 16:09:43,248,R_iFkevm8KPiufC9o,NA,NA,Richard,NA,Richard,NA,Ekorso Akwadum,Routine Program Evaluation,NA,NA,NA,NA,NA,NA,NA,NA,NA,NA,NA,NA,NA,NA,NA,NA,NA,NA,NA,NA,NA,NA,NA,NA,NA,NA,NA,NA,NA,NA,NA,2025-01-16
2025-01-16 16:13:55,116,R_kxcOzHDX4Q1GMX3,5.708916,-0.98906,Richard,NA,Richard,NA,Ntomem,Routine Program Evaluation,NA,NA,NA,NA,NA,NA,NA,NA,NA,NA,NA,NA,NA,NA,NA,NA,NA,NA,NA,NA,NA,NA,NA,NA,NA,NA,NA,NA,NA,NA,NA,2025-01-16
1/27/25 4:31,NA,NA,NA,NA,Richard,NA,NA,NA,Wenamda,"MGR Maintenance,Routine Program Evaluation,Project Update Visit",NA,NA,NA,NA,NA,NA,NA,NA,NA,NA,NA,NA,NA,NA,NA,NA,NA,NA,NA,NA,NA,NA,NA,NA,NA,NA,NA,NA,NA,NA,NA,2025-01-27
2025-01-27 4:31:13,303,R_eFfudhvQulVQYvc,6.990366,-1.09947,Richard,NA,NA,NA,Wenamda,NA,NA,NA,NA,NA,NA,NA,NA,NA,NA,NA,NA,NA,NA,NA,NA,NA,NA,NA,NA,NA,NA,NA,NA,NA,NA,NA,NA,NA,NA,NA,NA,2025-01-27
1/27/25 4:58,NA,NA,NA,NA,Richard,NA,NA,NA,Dagomba,"Routine Program Evaluation,Project Update Visit",NA,NA,NA,NA,NA,NA,NA,NA,NA,NA,NA,NA,NA,NA,NA,NA,NA,NA,NA,NA,NA,NA,NA,NA,NA,NA,NA,NA,NA,NA,NA,2025-01-27
2025-01-27 4:58:56,146,R_oIX0hJc9tWqJa73,7.019307,-1.11791,Richard,NA,NA,NA,Dagomba,NA,NA,NA,NA,NA,NA,NA,NA,NA,NA,NA,NA,NA,NA,NA,NA,NA,NA,NA,NA,NA,NA,NA,NA,NA,NA,NA,NA,NA,NA,NA,NA,2025-01-27
1/27/25 6:19,NA,NA,NA,NA,Richard,NA,Richard,NA,Domase,"Routine Program Evaluation,Project Update Visit",NA,NA,NA,NA,NA,NA,NA,NA,NA,NA,NA,NA,NA,NA,NA,NA,NA,NA,NA,NA,NA,NA,NA,NA,NA,NA,NA,NA,NA,NA,NA,2025-01-27
2025-01-27 6:19:47,105,R_jszyNpsM89aRy0j,NA,NA,Richard,NA,Richard,NA,Domase,NA,NA,NA,NA,NA,NA,NA,NA,NA,NA,NA,NA,NA,NA,NA,NA,NA,NA,NA,NA,NA,NA,NA,NA,NA,NA,NA,NA,NA,NA,NA,NA,2025-01-27
3/25/25 12:44,NA,NA,NA,NA,Richard,NA,Richard,NA,Bahankra,MGR Maintenance,NA,NA,NA,NA,NA,NA,NA,NA,NA,NA,NA,NA,NA,NA,NA,NA,NA,NA,NA,NA,NA,NA,NA,NA,NA,NA,NA,NA,NA,NA,NA,2025-03-25
2025-03-25 12:44:06,163,R_9CIYfW2kDYGGl5V,NA,NA,Richard,NA,Richard,NA,Bahankra,NA,NA,NA,NA,NA,NA,NA,NA,NA,NA,NA,NA,NA,NA,NA,NA,NA,NA,NA,NA,NA,NA,NA,NA,NA,NA,NA,NA,NA,NA,NA,NA,2025-03-25
3/25/25 12:46,NA,NA,NA,NA,Richard,NA,Richard,NA,Wenamda,"MGR Maintenance,Routine Program Evaluation",NA,NA,NA,NA,NA,NA,NA,NA,NA,NA,NA,NA,NA,NA,NA,NA,NA,NA,NA,NA,NA,NA,NA,NA,NA,NA,NA,NA,NA,NA,NA,2025-03-25
2025-03-25 12:46:52,136,R_fj9b52RXXXeZOz2,NA,NA,Richard,NA,Richard,NA,Wenamda,NA,NA,NA,NA,NA,NA,NA,NA,NA,NA,NA,NA,NA,NA,NA,NA,NA,NA,NA,NA,NA,NA,NA,NA,NA,NA,NA,NA,NA,NA,NA,NA,2025-03-25
3/25/25 12:49,NA,NA,NA,NA,Richard,NA,Richard,NA,Dagomba,"Routine Program Evaluation,Project Update Visit",NA,NA,NA,NA,NA,NA,NA,NA,NA,NA,NA,NA,NA,NA,NA,NA,NA,NA,NA,NA,NA,NA,NA,NA,NA,NA,NA,NA,NA,NA,NA,2025-03-25
2025-03-25 12:49:10,223,R_bz2zSJMGlw3BDWV,NA,NA,Richard,NA,Richard,NA,Dagomba,NA,NA,NA,NA,NA,NA,NA,NA,NA,NA,NA,NA,NA,NA,NA,NA,NA,NA,NA,NA,NA,NA,NA,NA,NA,NA,NA,NA,NA,NA,NA,NA,2025-03-25
3/25/25 12:52,NA,NA,NA,NA,Richard,NA,Richard,NA,Domase,"Routine Program Evaluation,Project Update Visit",NA,NA,NA,NA,NA,NA,NA,NA,NA,NA,NA,NA,NA,NA,NA,NA,NA,NA,NA,NA,NA,NA,NA,NA,NA,NA,NA,NA,NA,NA,NA,2025-03-25
2025-03-25 12:52:58,109,R_nueUiZQq0imowCj,NA,NA,Richard,NA,Richard,NA,Domase,NA,NA,NA,NA,NA,NA,NA,NA,NA,NA,NA,NA,NA,NA,NA,NA,NA,NA,NA,NA,NA,NA,NA,NA,NA,NA,NA,NA,NA,NA,NA,NA,2025-03-25
3/25/25 12:55,NA,NA,NA,NA,Richard,NA,Other,"Vincent, Betsy, Darian and Mary",Mobia,"Routine Program Evaluation,Surveyor Team Visit,Project Update Visit",NA,NA,NA,NA,NA,NA,NA,NA,NA,NA,NA,NA,NA,NA,NA,NA,NA,NA,NA,NA,NA,NA,NA,NA,NA,NA,NA,NA,NA,NA,NA,2025-03-25
3/25/25 12:58,NA,NA,NA,NA,Richard,NA,Other,"Vincent,Mary,Betsy and Darian",Wenamda,"Routine Program Evaluation,Surveyor Team Visit,Project Update Visit",NA,NA,NA,NA,NA,NA,NA,NA,NA,NA,NA,NA,NA,NA,NA,NA,NA,NA,NA,NA,NA,NA,NA,NA,NA,NA,NA,NA,NA,NA,NA,2025-03-25
2025-03-25 12:58:39,152,R_cp7Eea9GtgrByZv,NA,NA,Richard,NA,Other,"Vincent,Mary,Betsy and Darian",Wenamda,NA,NA,NA,NA,NA,NA,NA,NA,NA,NA,NA,NA,NA,NA,NA,NA,NA,NA,NA,NA,NA,NA,NA,NA,NA,NA,NA,NA,NA,NA,NA,NA,2025-03-25
2025-03-27 4:28:41,291,R_8vGMwsERfkOSi9n,5.896754,0.529498,Isaac,NA,Alex,NA,Pediatorkope,Routine Program Evaluation,NA,NA,NA,NA,NA,NA,NA,NA,NA,NA,NA,NA,NA,NA,NA,NA,NA,NA,NA,NA,NA,NA,NA,NA,NA,NA,NA,NA,NA,NA,NA,2025-03-27
2025-03-27 4:33:44,364,R_dc43bQ1Ve3hjgWd,5.896274,0.517357,Other,NA,Alex,NA,Afransua Dedewa MA Primary,Routine Program Evaluation,NA,NA,NA,NA,NA,NA,NA,NA,NA,NA,NA,NA,NA,NA,NA,NA,NA,NA,NA,NA,NA,NA,NA,NA,NA,NA,NA,NA,NA,NA,NA,2025-03-27
2025-03-27 5:17:52,131,R_lw7v1wflRyl5tI5,5.880009,0.33682,Isaac,NA,Alex,NA,Koni Kablu,Routine Program Evaluation,NA,NA,NA,NA,NA,NA,NA,NA,NA,NA,NA,NA,NA,NA,NA,NA,NA,NA,NA,NA,NA,NA,NA,NA,NA,NA,NA,NA,NA,NA,NA,2025-03-27
4/2/25 4:07,NA,NA,NA,NA,Other,NA,NA,Alex,Akwansu,Routine Program Evaluation,NA,NA,NA,NA,NA,NA,NA,NA,NA,NA,NA,NA,NA,NA,NA,NA,NA,NA,NA,NA,NA,NA,NA,NA,NA,NA,NA,NA,NA,NA,NA,2025-04-02
2025-04-02 4:07:43,130,R_2iZ0p5BWTTsoBo4,5.92378,-0.24996,Other,NA,Alex,NA,Akwansu,NA,NA,NA,NA,NA,NA,NA,NA,NA,NA,NA,NA,NA,NA,NA,NA,NA,NA,NA,NA,NA,NA,NA,NA,NA,NA,NA,NA,NA,NA,NA,NA,2025-04-02
4/2/25 4:51,NA,NA,NA,NA,Other,NA,NA,Alex,Obosonu,Routine Program Evaluation,NA,NA,NA,NA,NA,NA,NA,NA,NA,NA,NA,NA,NA,NA,NA,NA,NA,NA,NA,NA,NA,NA,NA,NA,NA,NA,NA,NA,NA,NA,NA,2025-04-02
2025-04-02 4:51:02,223,R_26LaXNsGLMnjg9E,5.897777,-0.27639,Other,NA,Alex,NA,Obosonu,NA,NA,NA,NA,NA,NA,NA,NA,NA,NA,NA,NA,NA,NA,NA,NA,NA,NA,NA,NA,NA,NA,NA,NA,NA,NA,NA,NA,NA,NA,NA,NA,2025-04-02
4/3/25 4:35,NA,NA,NA,NA,Other,NA,NA,Alex,Anamenampa,Routine Program Evaluation,NA,NA,NA,NA,NA,NA,NA,NA,NA,NA,NA,NA,NA,NA,NA,NA,NA,NA,NA,NA,NA,NA,NA,NA,NA,NA,NA,NA,NA,NA,NA,2025-04-03
2025-04-03 4:35:04,287,R_g2rwi6OWfSrYqph,5.894116,-0.25143,Other,NA,Alex,NA,Anamenampa,NA,NA,NA,NA,NA,NA,NA,NA,NA,NA,NA,NA,NA,NA,NA,NA,NA,NA,NA,NA,NA,NA,NA,NA,NA,NA,NA,NA,NA,NA,NA,NA,2025-04-03
2025-04-09 2:22:38,212,R_cjWOLgtivVT8wRJ,5.862921,0.031935,Peace,NA,Alex,NA,Dedenya,"MGR Maintenance,Routine Program Evaluation,Donation",Donation,NA,NA,NA,NA,NA,NA,NA,NA,NA,NA,NA,NA,NA,NA,NA,NA,NA,NA,NA,NA,NA,NA,NA,NA,NA,NA,NA,NA,NA,NA,2025-04-09
2025-04-14 5:38:25,230,R_3Nl6GP4mTlbsPtk,6.163611,-0.33201,Peace,NA,Alex,NA,Mpaem,"MGR Maintenance,Routine Program Evaluation",NA,NA,NA,NA,NA,NA,NA,NA,NA,NA,NA,NA,NA,NA,NA,NA,NA,NA,NA,NA,NA,NA,20,NA,NA,NA,NA,NA,NA,NA,NA,2025-04-14
2025-04-15 4:25:24,168,R_l1e303iQkQvPydx,5.948361,0.369697,Other,NA,Alex,NA,Amuyaokope,"MGR Maintenance,Routine Program Evaluation",NA,NA,NA,NA,NA,NA,NA,NA,NA,NA,NA,NA,NA,NA,NA,NA,NA,NA,NA,NA,NA,NA,NA,NA,NA,NA,NA,NA,NA,NA,NA,2025-04-15
2025-04-15 4:44:31,194,R_1TemHDD1sXFgPmI,5.986171,0.356854,Other,NA,Alex,NA,Luta,"MGR Maintenance,Routine Program Evaluation",NA,NA,NA,NA,NA,NA,NA,NA,NA,NA,NA,NA,NA,NA,NA,NA,NA,NA,NA,NA,NA,NA,NA,NA,NA,NA,NA,NA,NA,NA,NA,2025-04-15
2025-04-15 5:28:58,193,R_2CJBof9j2nA57iw,6.004243,0.425662,Other,NA,Alex,NA,Terhey,"MGR Maintenance,Routine Program Evaluation",NA,NA,NA,NA,NA,NA,NA,NA,NA,NA,NA,NA,NA,NA,NA,NA,NA,NA,NA,NA,NA,NA,NA,NA,NA,NA,NA,NA,NA,NA,NA,2025-04-15
2025-04-15 5:58:44,863,R_gLrKO4WytnYtKJ6,5.972249,0.423981,Other,Vincent,Alex,NA,Madavunu,"MGR Maintenance,Routine Program Evaluation",NA,NA,NA,NA,NA,NA,NA,NA,NA,NA,NA,NA,NA,NA,NA,NA,NA,NA,NA,NA,NA,NA,NA,NA,NA,NA,NA,NA,NA,NA,NA,2025-04-15
4/16/25 4:35,NA,NA,NA,NA,Isaac,NA,NA,Alex,Minya,"MGR Maintenance,Routine Program Evaluation",NA,NA,NA,NA,NA,NA,NA,NA,NA,NA,NA,NA,NA,NA,NA,NA,NA,NA,NA,NA,NA,NA,NA,NA,NA,NA,NA,NA,NA,NA,NA,2025-04-16
2025-04-16 4:35:10,144,R_imynnFkSn47fWAf,5.692169,-0.14491,Isaac,NA,Alex,NA,Minya,NA,NA,NA,NA,NA,NA,NA,NA,NA,NA,NA,NA,NA,NA,NA,NA,NA,NA,NA,NA,NA,NA,NA,NA,NA,NA,NA,NA,NA,NA,NA,NA,2025-04-16
2025-05-07 5:12:01,752,R_nwwYytEnBTK0dQf,5.820181,0.629002,Isaac,NA,Alex,NA,Pediatorkope,"MGR Maintenance,Surveyor Team Visit",NA,NA,NA,NA,NA,NA,NA,NA,NA,NA,NA,NA,NA,NA,NA,NA,NA,NA,NA,NA,NA,NA,NA,NA,NA,NA,NA,NA,NA,NA,NA,2025-05-07
2025-05-08 5:39:51,218,R_lGbpRzq4tSKHbqq,5.946004,-0.32673,Other,NA,Alex,NA,Afransua Dedewa MA Primary,"MGR Maintenance,Routine Program Evaluation,Project Update Visit",NA,NA,NA,NA,NA,NA,NA,NA,NA,NA,NA,NA,NA,NA,NA,NA,NA,NA,NA,NA,NA,NA,NA,NA,NA,NA,NA,NA,NA,NA,NA,2025-05-08
5/9/25 6:28,NA,NA,NA,NA,Other,NA,NA,Alex,Adenya,"MGR Maintenance,Routine Program Evaluation,Project Update Visit",NA,NA,NA,NA,NA,NA,NA,NA,NA,NA,NA,NA,NA,NA,NA,NA,NA,NA,NA,NA,NA,NA,NA,NA,NA,NA,NA,NA,NA,NA,NA,2025-05-09
2025-05-09 6:28:11,153,R_5LLNZwp63FU08wd,5.964629,-0.17492,Other,NA,Alex,NA,Adenya,NA,NA,NA,NA,NA,NA,NA,NA,NA,NA,NA,NA,NA,NA,NA,NA,NA,NA,NA,NA,NA,NA,NA,NA,NA,NA,NA,NA,NA,NA,NA,NA,2025-05-09
2025-05-12 8:03:20,143,R_6tVC9NvBrR9Odwr,5.822161,0.626308,Isaac,NA,Alex,NA,Pediatorkope,Solar and Computer lab installation,Solar and Computer lab installation,NA,NA,NA,NA,NA,NA,NA,NA,NA,NA,NA,NA,NA,NA,NA,NA,NA,NA,NA,NA,NA,NA,NA,NA,NA,NA,NA,NA,NA,NA,2025-05-12
5/13/25 10:23,NA,NA,NA,NA,Richard,NA,NA,Richard,Akwanserem,"MGR Maintenance,Routine Program Evaluation",NA,NA,NA,NA,NA,NA,NA,NA,NA,NA,NA,NA,NA,NA,NA,NA,NA,NA,NA,NA,NA,NA,NA,NA,NA,NA,NA,NA,NA,NA,NA,2025-05-13
5/13/25 10:25,NA,NA,NA,NA,Isaac,NA,NA,Isaac,Akwansu,"MGR Maintenance,Routine Program Evaluation",NA,NA,NA,NA,NA,NA,NA,NA,NA,NA,NA,NA,NA,NA,NA,NA,NA,NA,NA,NA,NA,NA,NA,NA,NA,NA,NA,NA,NA,NA,NA,2025-05-13
2025-05-13 10:25:08,89,R_1RxZzX2PjsUr0R8,6.552681,-0.76794,Isaac,NA,Isaac,NA,Akwansu,NA,NA,NA,NA,NA,NA,NA,NA,NA,NA,NA,NA,NA,NA,NA,NA,NA,NA,NA,NA,NA,NA,NA,NA,NA,NA,NA,NA,NA,NA,NA,NA,2025-05-13
5/13/25 10:26,NA,NA,NA,NA,Isaac,NA,NA,Richard,Abrenya,"MGR Maintenance,Routine Program Evaluation",NA,NA,NA,NA,NA,NA,NA,NA,NA,NA,NA,NA,NA,NA,NA,NA,NA,NA,NA,NA,NA,NA,NA,NA,NA,NA,NA,NA,NA,NA,NA,2025-05-13
2025-05-13 10:26:39,86,R_iulv8VUi7aRWKxk,6.552659,-0.76794,Isaac,NA,Richard,NA,Abrenya,NA,NA,NA,NA,NA,NA,NA,NA,NA,NA,NA,NA,NA,NA,NA,NA,NA,NA,NA,NA,NA,NA,NA,NA,NA,NA,NA,NA,NA,NA,NA,NA,2025-05-13
2025-05-19 6:10:25,136,R_kRcMmK0pXdt9CVS,5.846532,0.045121,Other,Alex,Alex,NA,Mampong Shai,"MGR Maintenance,Routine Program Evaluation",NA,NA,NA,NA,NA,NA,NA,NA,NA,NA,NA,NA,NA,NA,NA,NA,NA,NA,NA,NA,NA,NA,NA,NA,NA,NA,NA,NA,NA,NA,NA,2025-05-19
5/19/25 6:35,NA,NA,NA,NA,Other,NA,Alex,Alex,Dedenya,"MGR Maintenance,Routine Program Evaluation",NA,NA,NA,NA,NA,NA,NA,NA,NA,NA,NA,NA,NA,NA,NA,NA,NA,NA,NA,NA,NA,NA,NA,NA,NA,NA,NA,NA,NA,NA,NA,2025-05-19
2025-05-19 6:35:11,213,R_c24vzmclc2CZsBM,5.861224,0.028862,Other,Alex,Alex,NA,Dedenya,NA,NA,NA,NA,NA,NA,NA,NA,NA,NA,NA,NA,NA,NA,NA,NA,NA,NA,NA,NA,NA,NA,NA,NA,NA,NA,NA,NA,NA,NA,NA,NA,2025-05-19
5/21/25 3:11,NA,NA,NA,NA,Peace,NA,NA,Alex,Akwansu,Project Update Visit,NA,NA,NA,NA,NA,NA,NA,NA,NA,NA,NA,NA,NA,NA,NA,NA,NA,NA,NA,NA,NA,NA,NA,NA,NA,NA,NA,NA,NA,NA,NA,2025-05-21
2025-05-21 3:11:11,948,R_br9HyIGa6hTcbfN,5.912116,-0.25643,Peace,NA,Alex,NA,Akwansu,NA,NA,NA,NA,NA,NA,NA,NA,NA,NA,NA,NA,NA,NA,NA,NA,NA,NA,NA,NA,NA,NA,NA,13,NA,NA,NA,NA,NA,NA,NA,NA,2025-05-21
5/21/25 3:27,NA,NA,NA,NA,Peace,NA,NA,Alex,Obosonu,"MGR Maintenance,Project Update Visit",NA,NA,NA,NA,NA,NA,NA,NA,NA,NA,NA,NA,NA,NA,NA,NA,NA,NA,NA,NA,NA,NA,NA,NA,NA,NA,NA,NA,NA,NA,NA,2025-05-21
2025-05-21 3:27:21,1767,R_fZ9CrbAt2vPMyVi,5.897823,-0.27649,Peace,NA,Alex,NA,Obosonu,NA,NA,NA,NA,NA,NA,NA,NA,NA,NA,NA,NA,NA,NA,NA,NA,NA,NA,NA,NA,NA,NA,NA,17,NA,NA,NA,NA,NA,NA,NA,NA,2025-05-21
2025-05-22 3:29:21,1083,R_0p60nefbXqdFasZ,6.158072,-0.33808,Peace,NA,Alex,NA,Mpaem,"MGR Maintenance,Routine Program Evaluation",NA,NA,NA,NA,NA,NA,NA,NA,NA,NA,NA,NA,NA,NA,NA,NA,NA,NA,NA,NA,NA,NA,12,NA,NA,NA,NA,NA,NA,NA,NA,2025-05-22
5/22/25 5:38,NA,NA,NA,NA,Peace,NA,NA,Alex,Adenya,"MGR Maintenance,Routine Program Evaluation",NA,NA,NA,NA,NA,NA,NA,NA,NA,NA,NA,NA,NA,NA,NA,NA,NA,NA,NA,NA,NA,NA,NA,NA,NA,NA,NA,NA,NA,NA,NA,2025-05-22
2025-05-22 5:38:33,215,R_h3AwPzUbQRixI3f,5.965002,-0.17528,Peace,NA,Alex,NA,Adenya,NA,NA,NA,NA,NA,NA,NA,NA,NA,NA,NA,NA,NA,NA,NA,NA,NA,NA,NA,NA,NA,NA,NA,NA,NA,NA,NA,NA,NA,NA,NA,NA,2025-05-22
5/23/25 5:12,NA,NA,NA,NA,Other,NA,NA,Alex,Pediatorkope,"MGR Maintenance,Project Update Visit",NA,NA,NA,NA,NA,NA,NA,NA,NA,NA,NA,NA,NA,NA,NA,NA,NA,NA,NA,NA,NA,NA,NA,NA,NA,NA,NA,NA,NA,NA,NA,2025-05-23
2025-05-23 5:12:31,320,R_mQiDTe7WxlEHl84,5.819952,0.628982,Other,NA,Alex,NA,Pediatorkope,NA,NA,NA,NA,NA,NA,NA,NA,NA,NA,NA,NA,NA,NA,NA,NA,NA,NA,NA,NA,NA,NA,NA,NA,NA,NA,NA,NA,NA,NA,NA,NA,2025-05-23
2025-05-24 8:55:32,140,R_73eHrBqGGb9EoV2,5.041857,-1.53768,Richard,NA,Richard,NA,Abrenya,MGR Maintenance,NA,NA,NA,NA,NA,NA,NA,NA,NA,NA,NA,NA,NA,NA,NA,NA,NA,NA,NA,NA,NA,NA,NA,NA,NA,NA,NA,NA,NA,NA,NA,2025-05-24
2025-05-24 8:57:56,201,R_bj9jbaCa13eQf2p,5.030261,-1.67015,Richard,NA,Richard,NA,Ntomem,Project Update Visit,NA,NA,NA,NA,NA,NA,NA,NA,NA,NA,NA,NA,NA,NA,NA,NA,NA,NA,NA,NA,NA,NA,NA,NA,NA,NA,NA,NA,NA,NA,NA,2025-05-24
2025-05-24 9:02:33,198,R_bQxPvVFMXp2K40l,5.041835,-1.5377,Richard,NA,Richard,NA,Ekorso Akwadum,Project Update Visit,NA,NA,NA,NA,NA,NA,NA,NA,NA,NA,NA,NA,NA,NA,NA,NA,NA,NA,NA,NA,NA,NA,NA,NA,NA,NA,NA,NA,NA,NA,NA,2025-05-24
2025-05-24 9:06:05,122,R_7VHN49VJHk1Cj9p,5.041845,-1.53771,Richard,NA,Richard,NA,Akwansu,Project Update Visit,NA,NA,NA,NA,NA,NA,NA,NA,NA,NA,NA,NA,NA,NA,NA,NA,NA,NA,NA,NA,NA,NA,NA,NA,NA,NA,NA,NA,NA,NA,NA,2025-05-24
2025-05-24 9:08:10,128,R_lmuiTEdwxBkCAoQ,5.041843,-1.53767,Richard,NA,Richard,NA,Yonguase,"MGR Maintenance,Project Update Visit",NA,NA,NA,NA,NA,NA,NA,NA,NA,NA,NA,NA,NA,NA,NA,NA,NA,NA,NA,NA,NA,NA,NA,NA,NA,NA,NA,NA,NA,NA,NA,2025-05-24
5/27/25 4:05,NA,NA,NA,NA,Other,NA,Morgan,"Peace, Jack",Afransua Dedewa MA Primary,"MGR Maintenance,Routine Program Evaluation",NA,NA,NA,NA,NA,NA,NA,NA,NA,NA,NA,NA,NA,NA,NA,NA,NA,NA,NA,NA,NA,NA,NA,NA,NA,NA,NA,NA,NA,NA,NA,2025-05-27
2025-05-27 4:05:25,505,R_4WoDF6yH3TAQUaM,5.946059,-0.32669,Other,Morgan,"Peace,Other",Jack,Afransua Dedewa MA Primary,NA,NA,NA,NA,NA,NA,NA,NA,NA,NA,NA,NA,NA,NA,NA,NA,NA,NA,NA,NA,NA,NA,NA,NA,NA,NA,NA,NA,NA,NA,NA,NA,2025-05-27
2025-05-28 4:07:22,889,R_e0TTWy20wpCVBK1,5.973633,-0.21571,Richard,NA,NA,NA,Attabui,Project Update Visit,NA,NA,NA,NA,NA,NA,NA,NA,NA,NA,NA,NA,NA,NA,NA,NA,NA,NA,NA,NA,NA,NA,NA,NA,NA,NA,NA,NA,NA,NA,NA,2025-05-28
5/28/25 15:10,NA,NA,NA,NA,Other,NA,"Morgan, Richard Alex Zack","Richard,Alex",Attabui,Project Update Visit,NA,NA,NA,NA,NA,NA,NA,NA,NA,NA,NA,NA,NA,NA,NA,NA,NA,NA,NA,NA,NA,NA,NA,NA,NA,NA,NA,NA,NA,NA,NA,2025-05-28
2025-05-28 15:10:53,391,R_5BcdM81VhFvgopN,5.692291,-0.14494,Other,"Morgan, Richard Alex Zack","Richard,Alex",NA,Attabui,NA,NA,NA,NA,NA,NA,NA,NA,NA,NA,NA,NA,NA,NA,NA,NA,NA,NA,NA,NA,NA,NA,NA,175,NA,NA,NA,NA,NA,NA,NA,NA,2025-05-28
5/29/25 4:46,NA,NA,NA,NA,Peace,NA,NA,Alex,Adenya,"MGR Maintenance,Routine Program Evaluation",NA,NA,NA,NA,NA,NA,NA,NA,NA,NA,NA,NA,NA,NA,NA,NA,NA,NA,NA,NA,NA,NA,NA,NA,NA,NA,NA,NA,NA,NA,NA,2025-05-29
2025-05-29 4:46:52,276,R_4rOLaYF7gS0IvDD,5.956528,-0.16121,Peace,NA,Alex,NA,Adenya,NA,NA,NA,NA,NA,NA,NA,NA,NA,NA,NA,NA,NA,NA,NA,NA,NA,NA,NA,NA,NA,NA,NA,NA,NA,NA,NA,NA,NA,NA,NA,NA,2025-05-29
2025-06-03 4:25:09,220,R_8aZJla8r1mQxKS3,5.965128,-0.17516,Richard,NA,Other,"Sammy,Bradley and Kyle",Adenya,"Routine Program Evaluation,Project Update Visit",NA,NA,NA,NA,NA,NA,NA,NA,NA,NA,NA,NA,NA,NA,NA,NA,NA,NA,NA,NA,NA,NA,NA,NA,NA,NA,NA,NA,NA,NA,NA,2025-06-03
2025-06-03 4:28:55,115,R_iTXDXHR1w7e3GAN,5.965107,-0.17521,Richard,NA,Other,"Sammy,Bradley and Kyle",Attabui,Project Update Visit,NA,NA,NA,NA,NA,NA,NA,NA,NA,NA,NA,NA,NA,NA,NA,NA,NA,NA,NA,NA,NA,NA,NA,NA,NA,NA,NA,NA,NA,NA,NA,2025-06-03
2025-06-04 10:51:52,145,R_nSDVSbfRlnuqogJ,5.804957,0.617,Richard,NA,Other,"Sammy, Bradley and Kyle",Alorkpem Island,Project Update Visit,NA,NA,NA,NA,NA,NA,NA,NA,NA,NA,NA,NA,NA,NA,NA,NA,NA,NA,NA,NA,NA,NA,NA,NA,NA,NA,NA,NA,NA,NA,NA,2025-06-04
2025-06-04 10:54:20,138,R_mG1nrf9p7Habnai,5.80498,0.616998,Richard,NA,Other,"Sammy, Bradley and Kyle",Obosonu,Project Update Visit,NA,NA,NA,NA,NA,NA,NA,NA,NA,NA,NA,NA,NA,NA,NA,NA,NA,NA,NA,NA,NA,NA,NA,NA,NA,NA,NA,NA,NA,NA,NA,2025-06-04
2025-06-05 4:30:46,227,R_cFzv1qVBiyKBE52,5.820093,0.629562,Isaac,NA,"Richard,Alex,Peace",NA,Pediatorkope,Computers donation,Computers donation,NA,NA,NA,NA,NA,NA,NA,NA,NA,NA,NA,NA,NA,NA,NA,NA,NA,NA,NA,NA,NA,NA,NA,NA,NA,NA,NA,NA,NA,NA,2025-06-05
2025-06-30 2:48:47,172,R_jL4c5ba5NU1Sn7y,5.81927,0.629184,Other,NA,Alex,NA,Pediatorkope,NA,NA,NA,NA,NA,NA,NA,NA,NA,NA,NA,NA,NA,NA,NA,NA,NA,NA,NA,NA,NA,NA,NA,NA,NA,NA,NA,NA,NA,NA,NA,NA,2025-06-30
2025-06-30 4:54:00,216,R_79TPY2j7TzR8puR,5.833282,0.647613,Other,Stephen,Alex,NA,Tuanikope,NA,NA,NA,NA,NA,NA,NA,NA,NA,NA,NA,NA,NA,NA,NA,NA,NA,NA,NA,NA,NA,NA,NA,NA,NA,NA,NA,NA,NA,NA,NA,NA,2025-06-30
2025-07-01 8:33:59,137,R_4HPHwiLhU6FytMs,6.158504,-0.33779,Other,Stephen,Alex,NA,Mpaem,NA,NA,NA,NA,NA,NA,NA,NA,NA,NA,NA,NA,NA,NA,NA,NA,NA,NA,NA,NA,NA,NA,NA,NA,NA,NA,NA,NA,NA,NA,NA,NA,2025-07-01
2025-07-02 6:27:43,124,R_1Wz1IpoPcGaTNvL,6.024943,0.259205,Other,NA,Alex,NA,Nyapienya,NA,NA,NA,NA,NA,NA,NA,NA,NA,NA,NA,NA,NA,NA,NA,NA,NA,NA,NA,NA,NA,NA,NA,NA,NA,NA,NA,NA,NA,NA,NA,NA,2025-07-02
2025-07-07 6:53:28,145,R_ojZF4sbIDQK2Dna,5.961605,-0.53757,Other,NA,Alex,NA,Wurudu Wurudu,NA,NA,NA,NA,NA,NA,NA,NA,NA,NA,NA,NA,NA,NA,NA,NA,NA,NA,NA,NA,NA,NA,NA,NA,NA,NA,NA,NA,NA,NA,NA,NA,2025-07-07
2025-07-07 6:55:58,127,R_mKnle9MyqctHvHv,5.961602,-0.53758,Other,NA,Alex,NA,Fawotrikosie,NA,NA,NA,NA,NA,NA,NA,NA,NA,NA,NA,NA,NA,NA,NA,NA,NA,NA,NA,NA,NA,NA,NA,NA,NA,NA,NA,NA,NA,NA,NA,NA,2025-07-07
2025-07-08 6:35:18,105,R_8SFYNes3hwTv7xA,5.745119,-0.19457,Other,NA,Alex,NA,Anamenampa,NA,NA,NA,NA,NA,NA,NA,NA,NA,NA,NA,NA,NA,NA,NA,NA,NA,NA,NA,NA,NA,NA,NA,NA,NA,NA,NA,NA,NA,NA,NA,NA,2025-07-08
2025-07-08 12:25:52,141,R_jsINeoscThh9cni,5.749458,-0.1817,Richard,NA,"Richard,Peace,Other",NA,Akyeremanteng,NA,NA,NA,NA,NA,NA,NA,NA,NA,NA,NA,NA,NA,NA,NA,NA,NA,NA,NA,NA,NA,NA,NA,12,NA,NA,NA,NA,NA,NA,NA,NA,2025-07-08
2025-07-08 12:28:15,132,R_bGs0HRtwelWJDrP,5.749227,-0.18185,Richard,NA,"Richard,Peace,Other",NA,Yonguase,NA,NA,NA,NA,NA,NA,NA,NA,NA,NA,NA,NA,NA,NA,NA,NA,NA,NA,NA,NA,NA,NA,NA,12,NA,NA,NA,NA,NA,NA,NA,NA,2025-07-08
2025-07-15 7:52:56,157,R_aA8OEJx8kRWmONU,5.797321,0.651951,Other,NA,Alex,NA,Alorkpem Island,NA,NA,NA,NA,NA,NA,NA,NA,NA,NA,NA,NA,NA,NA,NA,NA,NA,NA,NA,NA,NA,NA,NA,NA,NA,NA,NA,NA,NA,NA,NA,NA,2025-07-15
2025-09-10 3:40:37,2899,R_dNgWYfi6jxgHZaQ,7.290801,-2.40518,Richard,NA,"Isaac,Alex,Peace",NA,Nwawasua MA,NA,NA,NA,NA,NA,NA,NA,NA,NA,NA,NA,NA,NA,NA,NA,NA,NA,NA,NA,NA,NA,NA,NA,53,NA,NA,NA,NA,NA,NA,NA,NA,2025-09-10
2025-09-30 6:35:20,288,R_0KFz3sQwpSR0oaz,6.158101,-0.338,Richard,NA,NA,NA,Mpaem,NA,NA,NA,NA,NA,NA,NA,NA,NA,NA,NA,NA,NA,NA,NA,NA,NA,NA,NA,NA,NA,NA,NA,NA,NA,NA,NA,NA,NA,NA,NA,NA,2025-09-30
2025-10-28 4:50:50,155,R_9oV4fSS7N71AZSd,6.309106,-0.67149,Richard,NA,Other,Akuvi& Larry,Mpaem,NA,NA,NA,NA,NA,NA,NA,NA,NA,NA,NA,NA,NA,NA,NA,NA,NA,NA,NA,NA,NA,NA,NA,NA,NA,NA,NA,NA,NA,NA,NA,NA,2025-10-28
2026-01-12 5:06:05,250,R_hPTWNQTNZgZwcAM,6.450953,-0.44732,Richard,NA,NA,NA,Akwanserem,"Routine Visit,MGR/Charging Maintenance",NA,"Routine Visit,MGR/Charging Maintenance",NA,The charging station/solar needed to be fixed,NA,"No, I need other supplies and will have to come back another day",No,"The charging system was fictional so I remove it for repairs. Also the battery has fallen, I removed it for charging.",NA,NA,NA,NA,NA,NA,NA,NA,NA,NA,NA,NA,NA,NA,NA,NA,NA,NA,NA,The usage of science kits and the reusable menstrual kits.,Lantern group need more attention,The lantern group was recognized immediately,NA,2026-01-12
2026-01-12 8:39:09,141,R_jhdA5nGdTfcFbrV,6.557181,-0.76505,Richard,NA,NA,NA,Bahankra,Routine Visit,NA,Routine Visit,NA,NA,NA,NA,NA,NA,NA,NA,NA,NA,NA,NA,NA,NA,NA,NA,NA,NA,NA,NA,NA,NA,NA,NA,NA,The school is doing very well with the lantern program. Students are equally distributed in groups. Good records are kept to ensure each lantern is accounted for.,NA,The school borehole isn’t working well,NA,2026-01-12
2026-01-12 8:41:32,246,R_flCMy250Ik4Qugb,6.556657,-0.76536,Richard,NA,NA,NA,Domase,"Routine Visit,Look at the borehole and the classroom",Look at the borehole and the classroom,Routine Visit,NA,NA,NA,NA,NA,NA,NA,NA,NA,NA,NA,NA,NA,NA,NA,NA,NA,NA,NA,NA,NA,NA,NA,NA,NA,They are beginning to have a productive usage of the science kits.,Due to lack of proper supervision some of the lantern groups don’t function as expected,Immediate training for the science kits program,Student population are increasing. Their classroom isn’t sufficient to cater for the students body,2026-01-12
2026-01-13 11:18:20,537,R_bnajQ4leTKu6und,5.692158,-0.14495,Alex,NA,NA,NA,Anamenampa,Routine Visit,NA,MGR/Charging Maintenance,NA,The charging station/solar needed to be fixed,NA,"No, I need other supplies and will have to come back another day",Yes,The charging system needs repairs and a new battery,NA,NA,NA,NA,NA,NA,NA,NA,NA,NA,NA,NA,NA,NA,NA,NA,NA,NA,NA,The lantern groups are working and well coordinated,NA,NA,NA,2026-01-13
2026-01-13 11:27:20,267,R_h9lMyUWHV0QXaxn,5.692158,-0.14495,Alex,NA,Akuvi,NA,Nyapienya,"Routine Visit,MGR/Charging Maintenance",NA,MGR/Charging Maintenance,NA,The charging station/solar needed to be fixed,NA,"No, I need other supplies and will have to come back another day",Yes,The charging station needs repairs,NA,NA,NA,NA,NA,NA,NA,NA,NA,NA,NA,NA,NA,NA,NA,NA,NA,NA,NA,They are doing well with our programs,NA,NA,NA,2026-01-13
2026-01-14 1:15:58,315,R_jWReEsfYigha4CD,6.358374,-0.6625,Richard,NA,NA,NA,Abrenya,"Routine Visit,Initiate the process of building a computer Lab",Initiate the process of building a computer Lab,"Routine Visit,Student Survey Team Visit",NA,NA,NA,NA,NA,NA,NA,NA,NA,NA,NA,NA,NA,NA,NA,NA,NA,NA,NA,NA,NA,NA,NA,NA,NA,They are doing well in maintaining all projects given to them. Especially making sure the classroom built for them are in good shape,The use of science kits. Due to new curriculum requirements they are not using the kits as expected,I met with the Headmaster and the SMC chairman to finds ways to improve the use.,The school is doing well in academics. Since they got electricity recently. The school has wired all classroom with light and are doing night studies for the students who stay in close proximity,2026-01-14
2026-01-14 2:42:03,425,R_0ldWBh5NHVLyAt9,5.960904,-0.21722,Alex,NA,Akuvi,NA,Attabui,Routine Visit,NA,"Computer Maintenance,Science Kit Training/Distribution",NA,NA,NA,NA,NA,NA,NA,NA,NA,NA,The RACHEL was not functioning,NA,"Yes, but I had to replace the RACHEL",NA,NA,NA,NA,NA,NA,NA,NA,No,NA,Yes,2,All our programs are doing well,Space for Library,No,There is a new head master,2026-01-14
2026-01-14 3:47:05,325,R_8pQuHFN2akQNH6L,5.957084,-0.17001,Alex,NA,Akuvi,NA,Adenya,Routine Visit,NA,"MGR/Charging Maintenance,Science Kit Training/Distribution",NA,"It wasn't spinning properly,The charging station/solar needed to be fixed",NA,"Yes, all problems were resolved",No,NA,NA,NA,NA,NA,NA,NA,NA,NA,NA,NA,NA,NA,NA,NA,NA,No,NA,Yes,3,All the programs are doing well,Light,No,They are doing well,2026-01-14
2026-01-15 1:25:13,242,R_2xsc9HUyeyhTE9l,5.972432,0.42377,Alex,NA,Akuvi,NA,Madavunu,Routine Visit,NA,"Routine Visit,MGR/Charging Maintenance,Lantern Replacement,Science Kit Training/Distribution",NA,The charging station/solar needed to be fixed,NA,"Yes, all problems were resolved",No,NA,No,NA,NA,NA,NA,NA,NA,NA,NA,NA,NA,NA,NA,NA,NA,No,NA,Yes,1,All the problems,N/A,N/A,Every thing is going on well,2026-01-15
2026-01-15 2:03:23,790,R_5BnzL8NYwjxRWvX,5.986204,0.356955,Alex,NA,Akuvi,NA,Luta,Routine Visit,NA,"Routine Visit,MGR/Charging Maintenance",NA,Other:,Broken leg,"No, I need other supplies and will have to come back another day",NA,Then whole system needs to dismantle and taken to welding shop,NA,NA,NA,NA,NA,NA,NA,NA,NA,NA,NA,NA,NA,NA,NA,NA,NA,NA,NA,They are doing well with all our programs,None,None,No,2026-01-15
2026-01-15 3:01:20,184,R_a7QbeVxIVMGR7fw,5.956067,0.371315,Alex,NA,Akuvi,NA,Amuyaokope,Routine Visit,NA,Routine Visit,NA,NA,NA,NA,NA,NA,NA,NA,NA,NA,NA,NA,NA,NA,NA,NA,NA,NA,NA,NA,NA,NA,NA,NA,NA,All our programs are doing well,None,No,They were using the science kits to learn about electronics and electricals,2026-01-15
2026-01-19 2:26:31,1085,R_eluNSmjS8tqNwGW,6.348559,-1.08207,Richard,NA,Richard,NA,Bepotumtum,"Computer Maintenance,Student Survey Team Visit",NA,"Routine Visit,Computer Maintenance,Student Survey Team Visit",NA,NA,NA,NA,NA,NA,NA,NA,NA,NA,"One or more computers were not working/turning on,One or more computers would not connect to the RACHEL",NA,"Yes, it is all functioning",NA,NA,NA,NA,NA,NA,NA,NA,NA,NA,NA,NA,The use of the Rachel device has improved. The usage of the science kits and its related applications is very well commendable. This has drawn the attention of the district office to provide them with more science related TLMs,"Due to insufficient teachers, some classes are combined.",Leakage at the one of the windows of the lab. Rains come inside the lab.,NA,2026-01-19
2026-01-19 3:04:57,335,R_dGmIZOuEr8p9tfz,5.923509,-0.25012,Alex,NA,"Peace,Akuvi",NA,Akwansu,Routine Visit,NA,"Routine Visit,Science Kit Training/Distribution",NA,NA,NA,NA,NA,NA,NA,NA,NA,NA,NA,NA,NA,NA,NA,NA,NA,NA,NA,NA,NA,Yes,4,Yes,4,They are doing well with all our programs,None,"New charging stations because the JHS is far from the primary school block, we are in process of building a new charging station for the school",None,2026-01-19
2026-01-19 3:17:05,70,R_h3F0PG1d4qj2Bfs,5.93477,-0.23947,Alex,NA,"Alex,Peace",NA,Akwansu,"Menstrual Kit Distribution,Science Kit Training/Distribution",NA,"Routine Visit,Menstrual Kit Distribution,Science Kit Training/Distribution",NA,NA,NA,NA,NA,NA,NA,NA,NA,NA,NA,NA,NA,NA,NA,NA,NA,NA,NA,NA,5,Yes,4,Yes,5,NA,NA,NA,NA,2026-01-19
2026-01-19 3:44:51,1098,R_o0evBAwdBdYK0JO,5.897836,-0.27644,Alex,NA,"Alex,Peace",NA,Obosonu,Routine Visit,NA,"Routine Visit,Computer Maintenance,Menstrual Kit Distribution",NA,NA,NA,NA,NA,NA,NA,NA,NA,NA,NA,NA,"Yes, it is all functioning",NA,NA,NA,NA,NA,NA,NA,6,NA,NA,NA,NA,All the programs are doing well,None,No,None,2026-01-19
2026-01-19 4:52:05,144,R_cfOQgJbxIO0Giju,5.912047,-0.25633,Alex,NA,"Peace,Akuvi",NA,Akwansu,Routine Visit,NA,"MGR/Charging Maintenance,Menstrual Kit Distribution",NA,Other:,Repositioning,"Yes, all problems were resolved",NA,NA,NA,NA,NA,NA,NA,NA,NA,NA,NA,NA,NA,NA,NA,NA,3,NA,NA,NA,NA,All of our programs,None,None,None,2026-01-19
2026-01-19 7:28:17,241,R_81yeGdwQrRPpagr,6.450798,-0.44711,Richard,NA,NA,NA,Akwanserem,"MGR/Charging Maintenance,Student Survey Team Visit",NA,"MGR/Charging Maintenance,Student Survey Team Visit",NA,The charging station/solar needed to be fixed,NA,"Yes, all problems were resolved",No,NA,NA,NA,NA,NA,NA,NA,NA,NA,NA,NA,NA,NA,NA,NA,NA,NA,NA,NA,NA,The school is doing in student organizations and helping them realize the true potential,They are still struggling with the lantern program,NA,Lantern program is working well as it should. I met with the teachers and oriented them again.,2026-01-19
2026-01-20 3:40:35,308,R_9EOI6lhlgTlcRpm,6.537132,-0.60599,Richard,NA,NA,NA,Ntomem,"Routine Visit,Science Kit Training/Distribution,Student Survey Team Visit",NA,"Routine Visit,Science Kit Training/Distribution,Student Survey Team Visit",NA,NA,NA,NA,NA,NA,NA,NA,NA,NA,NA,NA,NA,NA,NA,NA,NA,NA,NA,NA,NA,Yes,4,Yes,21,The school is doing well in running all of our programs. Especially with use of science kits. Lantern program has also been effective managed,Due to large of students they have resorted to running the lantern program only for the JHS.,NA,NA,2026-01-20
2026-01-20 4:18:20,295,R_44gXpLJyuju4HGM,5.893552,-0.25293,Alex,NA,"Peace,Akuvi",NA,Anamenampa,"Routine Visit,MGR/Charging Maintenance",NA,"MGR/Charging Maintenance,Lantern Replacement,Menstrual Kit Distribution,Science Kit Training/Distribution",NA,Other:,Repositioning,"Yes, all problems were resolved",NA,NA,Yes,5,Broken,NA,NA,NA,NA,NA,NA,NA,NA,NA,NA,NA,4,Yes,3,Yes,5,They are doing in all our programs,Library,No,They are cooperating,2026-01-20
2026-01-21 4:30:44,600,R_3KLPRzJ3TnzyZY0,5.902949,-0.52238,Alex,NA,"Peace,Akuvi",NA,Wurudu Wurudu,"Routine Visit,Computer Maintenance,Menstrual Kit Distribution",NA,"Routine Visit,Computer Maintenance,Menstrual Kit Distribution",NA,NA,NA,NA,NA,NA,NA,NA,NA,NA,One or more monitors would not turn on (computer was fine),NA,"Yes, it is all functioning",NA,NA,NA,NA,NA,NA,NA,10,NA,NA,NA,NA,The staff are cooperative,The computer lab doubles as a staff common room,No,NA,2026-01-21
2026-01-21 4:45:29,3712,R_bc5EFm1TEe4qtjX,5.90307,-0.52253,Alex,NA,"Peace,Akuvi",NA,Fawotrikosie,Routine Visit,NA,"Computer Maintenance,Menstrual Kit Distribution,Computer Training,Science Kit Training/Distribution",NA,NA,NA,NA,NA,NA,NA,NA,NA,NA,The RACHEL was not functioning,NA,"Yes, but I had to replace the RACHEL",NA,NA,NA,Help them understand the benefits of Rachel device,2,No,NA,1,No,NA,Yes,3,They are will doing well with all our programs,None,None,None,2026-01-21
2026-01-21 4:50:05,140,R_gyUH1cWovolcGnA,6.017682,-0.97592,Richard,NA,NA,NA,Essam,Routine Visit,NA,"Routine Visit,Student Survey Team Visit",NA,NA,NA,NA,NA,NA,NA,NA,NA,NA,NA,NA,NA,NA,NA,NA,NA,NA,NA,NA,NA,NA,NA,NA,NA,Student population is on the increase,Enrollment,NA,The school is beginning to rise up. Enrollment is still increasing. I saw two students being admitted,2026-01-21
2026-01-22 3:20:49,123,R_87lLtjTv5XJD2aT,5.578198,-0.88172,Richard,NA,NA,NA,Mansokwa,"Routine Visit,MGR/Charging Maintenance,Science Kit Training/Distribution,Student Survey Team Visit",NA,"Routine Visit,Science Kit Training/Distribution,Student Survey Team Visit",NA,NA,NA,NA,NA,NA,NA,NA,NA,NA,NA,NA,NA,NA,NA,NA,NA,NA,NA,NA,NA,No,NA,Yes,11,The school is doing well with all our programs especially the lantern program. Good records are kept and follow up is being made.,The usage of science kits.,NA,NA,2026-01-22
2026-01-22 4:03:19,110,R_95oEN2xJgFHVKqq,5.809082,-0.45692,Alex,NA,"Peace,Akuvi",NA,Mamakrom,Routine Visit,NA,"Lantern Replacement,Menstrual Kit Distribution,Science Kit Training/Distribution",NA,NA,NA,NA,NA,NA,Yes,6,Broken,NA,NA,NA,NA,NA,NA,NA,NA,NA,NA,NA,0,Yes,4,Yes,2,They are doing well with all our programs,None,No,None,2026-01-22
2026-01-23 3:19:01,175,R_2A7FuS3GTSLgAs1,5.841269,-0.32439,Alex,NA,"Peace,Akuvi",NA,Anamenampa,Delivery of Library books,Delivery of Library books,Delivery of Library books,Delivery of Library books,NA,NA,NA,NA,NA,NA,NA,NA,NA,NA,NA,NA,NA,NA,NA,NA,NA,NA,NA,NA,NA,NA,NA,NA,All our programs,None,No,None,2026-01-23
2026-01-26 3:36:52,284,R_olQ5Yv5r6UiEsB9,6.297048,-0.68938,Richard,NA,NA,NA,Ekorso Akwadum,"Computer Maintenance,Science Kit Training/Distribution,Student Survey Team Visit",NA,"Computer Maintenance,Computer Training,Science Kit Training/Distribution,Student Survey Team Visit",NA,NA,NA,NA,NA,NA,NA,NA,NA,NA,"One or more computers were not working/turning on,One or more computers would not connect to the RACHEL",NA,"No, I took the computer with me for it to be fixed, and will have to bring it back",NA,1,NA,How to use the Rachel device and helping students use the computer for other lessons,8,Yes,"There 18 students ,10 boys and 8 girl from the basic 8 class. They were invited because of a current need them use the Rachel to perform research for their incoming exams",NA,No,NA,Yes,13,The use of computer has increased dramatically since the beginning of the term.,The usage of the science kits is low.,NA,NA,2026-01-26
2026-01-26 5:08:58,117,R_idViDiMfYTCXwK4,6.323383,-0.59341,Richard,NA,NA,NA,Wekpeti Abresu,"Science Kit Training/Distribution,Student Survey Team Visit",NA,"Science Kit Training/Distribution,Student Survey Team Visit",NA,NA,NA,NA,NA,NA,NA,NA,NA,NA,NA,NA,NA,NA,NA,NA,NA,NA,NA,NA,NA,No,NA,Yes,12,The school been doing well with the science kits program.,NA,NA,There new teachers who aren’t acquainted with the science kits. Therefore a teacher training was scheduled,2026-01-26
2026-01-27 2:41:45,664,R_iWuTaPFKglFVhmz,5.848378,0.046964,Alex,NA,Peace,NA,Mampong Shai,Routine Visit,NA,Routine Visit,NA,NA,NA,NA,NA,NA,NA,NA,NA,NA,NA,NA,NA,NA,NA,NA,NA,NA,NA,NA,NA,NA,NA,NA,NA,They are doing well in all our programs,No,No,No,2026-01-27
2026-01-27 3:13:13,957,R_7KhwjrfibX7poP8,5.862932,0.032738,Alex,NA,Peace,NA,Dedenya,Routine Visit,NA,Computer Maintenance,NA,NA,NA,NA,NA,NA,NA,NA,NA,NA,NA,NA,"No, I took the computer with me for it to be fixed, and will have to bring it back",NA,2,NA,NA,NA,NA,NA,NA,NA,NA,NA,NA,They all doing well in all our programs,None,No,No,2026-01-27
2026-01-27 3:54:28,152,R_nUsyl4KjRDQ5WMa,7.125431,-0.6764,Richard,NA,NA,NA,Tun Tun,"Routine Visit,MGR/Charging Maintenance,Science Kit Training/Distribution",NA,"MGR/Charging Maintenance,Science Kit Training/Distribution,Student Survey Team Visit",NA,The charging station/solar needed to be fixed,NA,"Yes, all problems were resolved",Yes,NA,NA,NA,NA,NA,NA,NA,NA,NA,NA,NA,NA,NA,NA,NA,NA,No,NA,Yes,16,Teaching and learning is actively on course. The have so kept the lantern program very well. The use of science kits improve so far.,NA,NA,NA,2026-01-27
2026-01-27 5:51:11,611,R_oMju2z4AGoQHvn8,7.122904,-0.79509,Richard,NA,NA,NA,Tun Tun,"Routine Visit,MGR/Charging Maintenance",NA,"Routine Visit,MGR/Charging Maintenance,Science Kit Training/Distribution,Student Survey Team Visit",NA,The charging station/solar needed to be fixed,NA,"No, I need other supplies and will have to come back another day",No,Two of the charging port re damage and needs to be replaced,NA,NA,NA,NA,NA,NA,NA,NA,NA,NA,NA,NA,NA,NA,NA,No,NA,Yes,18,The school is doing well in students organization. They are helping to students improve upon their academic performance as they prepare them for BECE,Lantern groups,Parent teacher meeting to help the parents understand the lantern program,NA,2026-01-27
2026-01-28 4:20:02,164,R_nEOt5uX6NdUTymM,6.024821,0.259231,Alex,NA,"Peace,Akuvi",NA,Nyapienya,"MGR/Charging Maintenance,Menstrual Kit Distribution",NA,MGR/Charging Maintenance,NA,"The charging station/solar needed to be fixed,Other:",Replacing the battery,"Yes, all problems were resolved",Yes,NA,NA,NA,NA,NA,NA,NA,NA,NA,NA,NA,NA,NA,NA,NA,NA,NA,NA,NA,NA,All the programs,Library,No,NA,2026-01-28
2026-01-29 4:44:53,144,R_gsRf1mqgYuPYHiY,5.863968,0.03302,Alex,NA,"Peace,Akuvi",NA,Dedenya,Routine Visit,NA,"Computer Maintenance,Library books distribution",Library books distribution,NA,NA,NA,NA,NA,NA,NA,NA,NA,One or more computers were not working/turning on,NA,"Yes, but I had to replace a computer",2,NA,NA,NA,NA,NA,NA,NA,NA,NA,NA,NA,They are doing well in all our programs,None,No,No,2026-01-29
2026-01-30 6:00:44,136,R_9HHbMOXzrUKFJd1,5.869178,0.314669,Alex,NA,"Peace,Akuvi",NA,Luta,"MGR/Charging Maintenance,Computer Maintenance",NA,"MGR/Charging Maintenance,Computer Maintenance",NA,Other:,Broken legs,"Yes, all problems were resolved",NA,NA,NA,NA,NA,NA,One or more computers were not working/turning on,NA,"Yes, it is all functioning",NA,NA,NA,NA,NA,NA,NA,NA,NA,NA,NA,NA,All our programs are doing t,None,No,No,2026-01-30
2026-02-10 2:42:39,159,R_mPq2bX3UlZBC4a4,6.907702,-1.19395,Richard,NA,NA,NA,Mobia,Lantern Replacement,NA,"Lantern Replacement,Science Kit Training/Distribution",NA,NA,NA,NA,NA,NA,Yes,5,Broken,NA,NA,NA,NA,NA,NA,NA,NA,NA,NA,NA,NA,No,NA,Yes,4,They are doing well in all of our programs especially the use of science kits and a teaching aid.,The need of more teachers to help coordinate the other classes,NA,NA,2026-02-10
2026-02-10 3:48:50,948,R_fGTBKxBEQdr4lkt,6.137864,-0.2901,Alex,NA,"Peace,Akuvi",NA,Oyoko,Computer Maintenance,NA,Computer Maintenance,NA,NA,NA,NA,NA,NA,NA,NA,NA,NA,"One or more computers were not working/turning on,One or more monitors would not turn on (computer was fine),Other:",Replace three receivers,"No, I took the computer with me for it to be fixed, and will have to bring it back",NA,3,NA,NA,NA,NA,NA,NA,NA,NA,NA,NA,They are doing well with all our programs,None,No,No,2026-02-10
2026-02-10 5:52:30,147,R_hsiHhPlQfoHWiQt,6.157894,-0.33804,Alex,NA,"Isaac,Peace,Akuvi",NA,Mpaem,Computer Maintenance,NA,Computer Maintenance,NA,NA,NA,NA,NA,NA,NA,NA,NA,NA,"One or more monitors would not turn on (computer was fine),Other:",Replaced 10receivers,"No, I didn't have the materials/tools needed and will have to come back again",NA,NA,"Mouse, vga cables and keyboards",NA,NA,NA,NA,NA,NA,NA,NA,NA,They are doing well with all our programs,None,No,No,2026-02-10
2026-02-11 3:51:39,277,R_jmVTOwWtTTzfZdL,5.973701,-0.21573,Alex,NA,"Peace,Akuvi,Other",Vincent,Attabui,Computer Maintenance,NA,"Computer Maintenance,Computer Training",NA,NA,NA,NA,NA,NA,NA,NA,NA,NA,"The RACHEL was not functioning,One or more computers would not connect to the RACHEL,Other:",Replace 4 receivers,"Yes, but I had to replace the RACHEL",NA,NA,NA,Blowing dust and servicing the system unites,2,No,NA,NA,NA,NA,NA,NA,They are doing well with all our programs,No,No,No,2026-02-11
2026-02-12 4:14:41,127,R_j3fYRmQertrjB1M,6.29707,-0.68948,Richard,NA,NA,NA,Ekorso Akwadum,Computer Maintenance,NA,Computer Maintenance,NA,NA,NA,NA,NA,NA,NA,NA,NA,NA,"The RACHEL was not functioning,One or more computers would not connect to the RACHEL",NA,"Yes, it is all functioning",NA,NA,NA,NA,NA,NA,NA,NA,NA,NA,NA,NA,The use of computer lab is highly commendable,Teachers using the same room as staff common room,They are relocating to a new rooms shortly,NA,2026-02-12
2026-02-12 5:54:33,237,R_f2hZpBC54Pcl9w9,5.910599,-0.33134,Alex,NA,"Isaac,Peace,Akuvi",NA,Afransua Dedewa MA Primary,Computer Maintenance,NA,"Computer Maintenance,Computer Training,Computer lab restoration",Computer lab restoration,NA,NA,NA,NA,NA,NA,NA,NA,NA,The RACHEL was not functioning,NA,"Yes, but I had to replace the RACHEL",NA,NA,NA,Understand and using RACHEL,2,No,NA,NA,NA,NA,NA,NA,They are doing well with all our programs,None,No,No,2026-02-12
2026-02-16 4:28:54,173,R_26tYwjAZQhY2sRF,5.948123,-0.54398,Alex,NA,"Isaac,Peace,Akuvi,Other",Vincent,Wurudu Wurudu,"Routine Visit,Computer Maintenance",NA,"Routine Visit,Computer Maintenance",NA,NA,NA,NA,NA,NA,NA,NA,NA,NA,One or more computers were not working/turning on,NA,"No, I took the computer with me for it to be fixed, and will have to bring it back",NA,6,NA,NA,NA,NA,NA,NA,NA,NA,NA,NA,They are doing well in our programs,None,No,No,2026-02-16
2026-02-16 6:15:56,133,R_dQrVembZNQfvTN7,5.961382,-0.53771,Alex,NA,"Peace,Akuvi,Other",Vincent,Fawotrikosie,"Computer Maintenance,Computer Training",NA,"Computer Maintenance,Computer Training",NA,NA,NA,NA,NA,NA,NA,NA,NA,NA,"The RACHEL was not functioning,One or more monitors would not turn on (computer was fine)",NA,"Yes, but I had to replace the RACHEL",NA,NA,NA,Rachel usage and maintenance,2,No,NA,NA,NA,NA,NA,NA,They are doing well in all our programs,None,No,No,2026-02-16
2026-02-17 6:23:46,241,R_jDcv8Zc6IG1bSqF,5.692101,-0.14487,Alex,NA,"Peace,Akuvi",NA,Amuyaokope,Library books donations,Library books donations,"Computer Maintenance,Computer Training",NA,NA,NA,NA,NA,NA,NA,NA,NA,NA,"The RACHEL was not functioning,One or more computers would not connect to the RACHEL,Other:",Replaced 10 receivers,"Yes, but I had to replace the RACHEL",NA,NA,NA,Rachel,2,No,NA,NA,NA,NA,NA,NA,They are doing well with all our programs,None,No,No,2026-02-17
2026-02-19 4:10:39,1011,R_oKB5v3906nyNeVQ,5.921666,-0.32926,Alex,NA,"Peace,Akuvi",NA,Afransua Dedewa MA Primary,"Routine Visit,Donated Library books",Donated Library books,Menstrual Kit Distribution,NA,NA,NA,NA,NA,NA,NA,NA,NA,NA,NA,NA,NA,NA,NA,NA,NA,NA,NA,NA,10,NA,NA,NA,NA,They are doing well with all our programs,None,No,No,2026-02-19
2026-02-23 6:30:18,179,R_2LapQQ2tfqlYCPl,7.019166,-1.11795,Richard,NA,NA,NA,Dagomba,"MGR/Charging Maintenance,Computer Maintenance,Science Kit Training/Distribution",NA,MGR/Charging Maintenance,NA,It wasn't spinning properly,NA,"Partially, but it still needs more work",NA,There is crack in the top part where it spins. Making it spin one way,NA,NA,NA,NA,NA,NA,NA,NA,NA,NA,NA,NA,NA,NA,NA,NA,NA,NA,NA,Computer Project is being utilized well,Due ti student population routine usage of the lab is a major challenge,Increase of computers or improve current schedule,NA,2026-02-23
2026-02-24 2:33:40,174,R_d23BE1iVs5r8Qiw,5.973557,-0.21624,Alex,NA,"Peace,Akuvi",NA,Attabui,"Routine Visit,Computer Maintenance",NA,"Computer Maintenance,Menstrual Kit Distribution",NA,NA,NA,NA,NA,NA,NA,NA,NA,NA,One or more monitors would not turn on (computer was fine),NA,"Yes, it is all functioning",NA,NA,NA,NA,NA,NA,NA,0,NA,NA,NA,NA,They are doing well,None,No,No,2026-02-24
2026-02-24 3:11:50,104,R_cXkdRNmPL0gpsQF,5.964925,-0.17516,Alex,NA,"Peace,Akuvi",NA,Adenya,"Menstrual Kit Distribution,Computer Training",NA,"Menstrual Kit Distribution,Science Kit Training/Distribution",NA,NA,NA,NA,NA,NA,NA,NA,NA,NA,NA,NA,NA,NA,NA,NA,NA,NA,NA,NA,0,No,NA,Yes,2,They are doing well,None,No,No,2026-02-24
2026-02-24 3:24:04,146,R_3cgMjGXI5kEz3Cm,6.990378,-1.09959,Richard,NA,NA,NA,Wenamda,"MGR/Charging Maintenance,Student Survey Team Visit",NA,"MGR/Charging Maintenance,Science Kit Training/Distribution,Student Survey Team Visit",NA,It wasn't spinning properly,NA,"Yes, all problems were resolved",NA,NA,NA,NA,NA,NA,NA,NA,NA,NA,NA,NA,NA,NA,NA,NA,NA,No,NA,Yes,12,The doing well with all our programs especially the library project. They are keeping the books are and allow the kids to visit the library on their own.,Science kits have not been used as ought to,NA,NA,2026-02-24
2026-02-24 3:28:01,36,R_iWOVBvYlN7BYfTO,5.964775,-0.1752,Alex,NA,"Peace,Akuvi",NA,Adenya,Menstrual Kit Distribution,NA,Menstrual Kit Distribution,NA,NA,NA,NA,NA,NA,NA,NA,NA,NA,NA,NA,NA,NA,NA,NA,NA,NA,NA,NA,7,NA,NA,NA,NA,NA,NA,NA,NA,2026-02-24
2026-02-24 3:31:21,32,R_hCVmOycKEY1twi9,5.963294,-0.17395,Alex,NA,"Peace,Akuvi",NA,Adenya,Routine Visit,NA,Menstrual Kit Distribution,NA,NA,NA,NA,NA,NA,NA,NA,NA,NA,NA,NA,NA,NA,NA,NA,NA,NA,NA,NA,5,NA,NA,NA,NA,NA,NA,NA,NA,2026-02-24
2026-02-25 6:25:32,49,R_jvManeg8ScIsU6s,5.887864,-0.25636,Alex,NA,"Peace,Akuvi",NA,Anamenampa,Routine Visit,NA,We visited with academic city students,We visited with academic city students,NA,NA,NA,NA,NA,NA,NA,NA,NA,NA,NA,NA,NA,NA,NA,NA,NA,NA,NA,NA,NA,NA,NA,NA,NA,NA,NA,NA,2026-02-25
2026-02-26 3:08:18,82,R_mm9VWUdhSRAsDoq,5.84865,0.046176,Alex,NA,Peace,NA,Mampong Shai,Routine Visit,NA,"Routine Visit,Menstrual Kit Distribution",NA,NA,NA,NA,NA,NA,NA,NA,NA,NA,NA,NA,NA,NA,NA,NA,NA,NA,NA,NA,0,NA,NA,NA,NA,They are doing well with all our programs,None,No,No,2026-02-26
2026-02-26 3:21:24,129,R_3AaIv5XEItCpsxy,5.86338,0.032458,Alex,NA,Peace,NA,Dedenya,Routine Visit,NA,Menstrual Kit Distribution,NA,NA,NA,NA,NA,NA,NA,NA,NA,NA,NA,NA,NA,NA,NA,NA,NA,NA,NA,NA,0,NA,NA,NA,NA,They are doing well with all our programs,None,No,No,2026-02-26
2026-03-02 3:58:27,112,R_aLtG0fLsNdx5HVS,5.5545,-0.1902,Alex,NA,"Peace, Akuvi",NA,Pediatorkope,"Computer Maintenance, Menstrual Kit Distribution",NA,"Computer Maintenance, Menstrual Kit Distribution",NA,NA,NA,NA,NA,NA,NA,NA,NA,NA,One or more computers were not working/turning on,NA,"Yes, but I had to replace a computer",3,NA,NA,NA,NA,NA,NA,13,NA,NA,NA,NA,They are doing well with all our programs,None,No,None,2026-03-02
2026-03-02 6:38:14,156,R_6svSFysdjhS2FPT,5.5545,-0.1902,Alex,NA,"Peace, Akuvi",NA,Alorkpem Island,"Computer Maintenance, Menstrual Kit Distribution",NA,"Computer Maintenance, Menstrual Kit Distribution",NA,NA,NA,NA,NA,NA,NA,NA,NA,NA,One or more computers would not connect to the RACHEL,NA,"Yes, but I had to replace a computer",2,NA,NA,NA,NA,NA,NA,4,NA,NA,NA,NA,They are doing well with all our programs,None,No,No,2026-03-02
2026-03-05 5:28:58,67,R_5ebbAZQZiLLPnXQ,5.5545,-0.1902,Richard,NA,NA,NA,Mansokwa,"MGR/Charging Maintenance, Lantern Replacement",NA,"MGR/Charging Maintenance, Lantern Replacement",NA,The charging station/solar needed to be fixed,NA,"Yes, all problems were resolved",Yes,NA,Yes,2,Broken,NA,NA,NA,NA,NA,NA,NA,NA,NA,NA,NA,NA,NA,NA,NA,NA,Lantern program is being used well.,NA,NA,NA,2026-03-05
2026-03-09 5:29:46,148,R_2SwKckY6ivxWbF8,5.5545,-0.1902,Alex,NA,NA,NA,Pediatorkope,"MGR/Charging Maintenance, Computer Maintenance",NA,"MGR/Charging Maintenance, Computer Maintenance",NA,Other:,Repositioning,"Yes, all problems were resolved",NA,NA,NA,NA,NA,NA,One or more computers were not working/turning on,NA,"Yes, but I had to replace a computer",5,NA,NA,NA,NA,NA,NA,NA,NA,NA,NA,NA,They are doing well,None,No,No,2026-03-09
2026-03-11 5:18:24,137,R_oByQOl1RkKn1woZ,5.5545,-0.1902,Richard,NA,"Richard, Other:","Darian, Betsy , lexis",Bahankra,"Routine Visit, Teacher Bungalow survey",Teacher Bungalow survey,"Student Survey Team Visit, Teacher Bungalow survey",Teacher Bungalow survey,NA,NA,NA,NA,NA,NA,NA,NA,NA,NA,NA,NA,NA,NA,NA,NA,NA,NA,NA,NA,NA,NA,NA,NA,Teaching with Science kits,NA,NA,NA,2026-03-11
2026-03-11 8:05:43,121,R_6SMOkZ0sV6ptrtQ,5.5545,-0.1902,Alex,NA,"Peace, Akuvi",NA,Pediatorkope,"Routine Visit, Starlink installation",Starlink installation,Starlink installation,Starlink installation,NA,NA,NA,NA,NA,NA,NA,NA,NA,NA,NA,NA,NA,NA,NA,NA,NA,NA,NA,NA,NA,NA,NA,NA,They are doing well at using the facilities,There are no problems,No,None,2026-03-11
2026-03-12 4:23:09,94,R_m3goDqffElhQ0YA,5.5545,-0.1902,Alex,NA,Other:,"Ben, Julia and Nathan",Afransua Dedewa MA Primary,Routine Visit,NA,Routine Visit,NA,NA,NA,NA,NA,NA,NA,NA,NA,NA,NA,NA,NA,NA,NA,NA,NA,NA,NA,NA,NA,NA,NA,NA,NA,They are doing well with all our programs,None,No,No,2026-03-12
2026-03-12 5:03:14,149,R_bz6RZBaHv71PMFo,5.5545,-0.1902,Richard,NA,"Richard, Other:","Darian, Betsy and Lexix",Mosipanin,"Routine Visit, Teacher interviews",Teacher interviews,"Routine Visit, MGR/Charging Maintenance, Student Survey Team Visit",NA,The charging station/solar needed to be fixed,NA,"No, I need other supplies and will have to come back another day",No,The charging ports aren’t functioning,NA,NA,NA,NA,NA,NA,NA,NA,NA,NA,NA,NA,NA,NA,NA,NA,NA,NA,NA,Doing well with the Lantern program,Maintaining and using of science kits,NA,NA,2026-03-12
2026-03-12 5:05:56,101,R_h5sruHQTJs5Rj3K,5.5545,-0.1902,Richard,NA,"Richard, Other:","Darian, Betsy and Lexix",Dagomba,Teacher interviews,Teacher interviews,"MGR/Charging Maintenance, Teacher interviews",Teacher interviews,It wasn't spinning properly,NA,"Partially, but it still needs more work",NA,The top head is broken and needs replacing,NA,NA,NA,NA,NA,NA,NA,NA,NA,NA,NA,NA,NA,NA,NA,NA,NA,NA,NA,NA,NA,NA,NA,2026-03-12
2026-03-17 6:19:48,159,R_ktdU3KysC4Yt6nN,5.786647,0.629019,Alex,NA,"Isaac,Richard,Peace,Akuvi,Other","Ben, Jeff, Luke,Isaac and Jane",Alorkpem Island,New project Starlink,New project Starlink,New project starlink,New project starlink,NA,NA,NA,NA,NA,NA,NA,NA,NA,NA,NA,NA,NA,NA,NA,NA,NA,NA,NA,NA,NA,NA,NA,NA,They are doing well in all our programs,None,No,No,2026-03-17
2026-04-23 3:34:02,217,R_lIWdZ9VtPDaMPGE,5.5545,-0.1902,Alex,NA,NA,NA,Attabui,Routine Visit,NA,Routine Visit,NA,NA,NA,NA,NA,NA,NA,NA,NA,NA,NA,NA,NA,NA,NA,NA,NA,NA,NA,NA,NA,NA,NA,NA,NA,They are doing well in all our programs,None,No,School has reopened.,2026-04-23
2026-04-23 4:11:00,102,R_5PdG9hdf1pDPFvn,5.5545,-0.1902,Alex,NA,NA,NA,Adenya,Routine Visit,NA,Routine Visit,NA,NA,NA,NA,NA,NA,NA,NA,NA,NA,NA,NA,NA,NA,NA,NA,NA,NA,NA,NA,NA,NA,NA,NA,NA,They are doing well with our programs,None,No,School has just reopened and students and settling in,2026-04-23
2026-04-24 5:13:47,124,R_1QWnr4UmJ7cpkMv,5.5545,-0.1902,Richard,NA,NA,NA,Akwanserem,"Routine Visit, MGR/Charging Maintenance",NA,"Routine Visit, MGR/Charging Maintenance",NA,The charging station/solar needed to be fixed,NA,"No, I need other supplies and will have to come back another day",Yes,The battery need charging,NA,NA,NA,NA,NA,NA,NA,NA,NA,NA,NA,NA,NA,NA,NA,NA,NA,NA,NA,"Lantern group is well organized. Though it’s the first week, science kits has been used.",NA,NA,NA,2026-04-24
2026-04-24 5:16:00,132,R_7Cqy7UymCiFvhFo,5.5545,-0.1902,Richard,NA,NA,NA,Ntomem,MGR/Charging Maintenance,NA,MGR/Charging Maintenance,NA,The charging station/solar needed to be fixed,NA,"Yes, all problems were resolved",No,NA,NA,NA,NA,NA,NA,NA,NA,NA,NA,NA,NA,NA,NA,NA,NA,NA,NA,NA,NA,Students are week organized and there a New Primary headmaster.,"Due to large student body, lantern group had been a challenge",NA,NA,2026-04-24
2026-04-27 2:39:06,323,R_npudPC8zkodm5hE,5.5545,-0.1902,Alex,NA,"Peace, Akuvi",NA,Minya,"Routine Visit, Menstrual Kit Distribution",NA,"MGR/Charging Maintenance, Menstrual Kit Distribution",NA,Other:,Repositioning of the MGR,"Yes, all problems were resolved",NA,NA,NA,NA,NA,NA,NA,NA,NA,NA,NA,NA,NA,NA,NA,NA,3,NA,NA,NA,NA,They are doing well with all our programs,No,No,No,2026-04-27
2026-04-27 4:25:35,199,R_21mg72DB6z5IC57,5.5545,-0.1902,Alex,NA,"Peace, Akuvi",NA,Pediatorkope,Routine Visit,NA,Routine Visit,NA,NA,NA,NA,NA,NA,NA,NA,NA,NA,NA,NA,NA,NA,NA,NA,NA,NA,NA,NA,NA,NA,NA,NA,NA,They are doing well with all programs,None,No,Two set of computers and five mouse have been stolen.,2026-04-27
2026-04-27 6:33:18,110,R_adRRK8l1sLbrj9D,5.5545,-0.1902,Alex,NA,"Peace, Akuvi",NA,Alorkpem Island,Routine Visit,NA,Routine Visit,NA,NA,NA,NA,NA,NA,NA,NA,NA,NA,NA,NA,NA,NA,NA,NA,NA,NA,NA,NA,NA,NA,NA,NA,NA,They are doing well in all our programs,No,No,No,2026-04-27
2026-04-27 4:34:54,172,R_6W5hPB0luZWo0ww,5.5545,-0.1902,Richard,NA,"Isaac, Richard",NA,Abrenya,Routine Visit,NA,Routine Visit,NA,NA,NA,NA,NA,NA,NA,NA,NA,NA,NA,NA,NA,NA,NA,NA,NA,NA,NA,NA,NA,NA,NA,NA,NA,Doing well in our programs.,Enrollment,NA,Preparing for the building of the computer lab.,2026-04-27
2026-04-27 3:33:15,219,R_7wLauUl5OBLMMEC,5.5545,-0.1902,Richard,NA,"Isaac, Richard",NA,Wekpeti Abresu,Routine Visit,NA,Routine Visit,NA,NA,NA,NA,NA,NA,NA,NA,NA,NA,NA,NA,NA,NA,NA,NA,NA,NA,NA,NA,NA,NA,NA,NA,NA,Well organized in academic work.,NA,NA,Preparing for computer labs.,2026-04-27
2026-04-28 3:02:48,164,R_lKtmbDQOcvLdVzt,5.5545,-0.1902,Alex,NA,"Peace, Akuvi",NA,Amuyaokope,Routine Visit,NA,Routine Visit,NA,NA,NA,NA,NA,NA,NA,NA,NA,NA,NA,NA,NA,NA,NA,NA,NA,NA,NA,NA,NA,NA,NA,NA,NA,"They are doing well with our programs, they have new science lab that is making the use of science easy and more accessible",None,No,No,2026-04-28
2026-04-28 3:05:38,204,R_8P3zw46pW5vkAw6,5.5545,-0.1902,Alex,NA,"Peace, Akuvi",NA,Amuyaokope,"Routine Visit, Menstrual Kit Distribution",NA,Menstrual Kit Distribution,NA,NA,NA,NA,NA,NA,NA,NA,NA,NA,NA,NA,NA,NA,NA,NA,NA,NA,NA,NA,38,NA,NA,NA,NA,They are doing well with all our programs,None,No,No,2026-04-28
2026-04-28 4:36:09,69,R_0ppR82RcDuJidBc,5.5545,-0.1902,Alex,NA,"Peace, Akuvi",NA,Terhey,Menstrual Kit Distribution,NA,Menstrual Kit Distribution,NA,NA,NA,NA,NA,NA,NA,NA,NA,NA,NA,NA,NA,NA,NA,NA,NA,NA,NA,NA,22,NA,NA,NA,NA,They are doing well with our programs,None,No,No,2026-04-28
2026-04-29 10:11:53,223,R_iZOxBEOUF60OSiy,5.5545,-0.1902,Richard,NA,Richard,NA,Bahankra,"Routine Visit, Lantern Replacement",NA,"Routine Visit, MGR/Charging Maintenance, Lantern Replacement",NA,The charging station/solar needed to be fixed,NA,"Yes, all problems were resolved",No,NA,Yes,2,Broken,NA,NA,NA,NA,NA,NA,NA,NA,NA,NA,NA,NA,NA,NA,NA,NA,This school is doing well on all our projects and programs. I like how they are always proactive in reporting issues promptly.,NA,The issue with the teachers bungalow is still not resolved.,There is a construction of CHIP compound close to the school. Information is that it will provide health care for the community,2026-04-29
2026-04-29 10:15:43,161,R_khXlSPqgrjimDy1,5.5545,-0.1902,Richard,NA,Richard,NA,Ekorso Akwadum,"Routine Visit, Lantern Replacement",NA,"Routine Visit, Computer Maintenance",NA,NA,NA,NA,NA,NA,NA,NA,NA,NA,One or more computers were not working/turning on,NA,"No, I took the computer with me for it to be fixed, and will have to bring it back",NA,1,NA,NA,NA,NA,NA,NA,NA,NA,NA,NA,"The school is doing well in all our programs and projects are well taken care of. The use of ICT caught my attention, they are making very good use of it and the students are happy being at the lab.",NA,NA,NA,2026-04-29
2026-04-29 10:18:30,283,R_nqSGCba8vqGyAr9,5.5545,-0.1902,Richard,NA,Richard,NA,Domase,"Routine Visit, Lantern Replacement",NA,"Routine Visit, MGR/Charging Maintenance, Lantern Replacement",NA,The charging station/solar needed to be fixed,NA,"Yes, all problems were resolved",No,NA,Yes,3,Broken,NA,NA,NA,NA,NA,NA,NA,NA,NA,NA,NA,NA,NA,NA,NA,NA,Collectively the schools doing well on most of our programs and are putting projects into good use.,Due to long distance of students tracking lantern usage is a challenge.,NA,The student population is increasing so they are not able to fit into the classroom.,2026-04-29
2026-04-30 4:15:53,161,R_g43NvEKFw5GuLuH,5.5545,-0.1902,Richard,NA,Richard,NA,Ntomem,"Routine Visit, MGR/Charging Maintenance",NA,"Routine Visit, MGR/Charging Maintenance, Lantern Replacement",NA,It wasn't spinning properly,NA,"Partially, but it still needs more work",NA,The spinning part is partially not spinning any stop intermittently.,No,NA,NA,NA,NA,NA,NA,NA,NA,NA,NA,NA,NA,NA,NA,NA,NA,NA,NA,Doing well in our programs,Large number of students makes difficult in lantern grouping.,NA,Study population is increasing,2026-04-30
2026-04-30 4:18:40,88,R_hVDJKSdQrJwdCVo,5.5545,-0.1902,Richard,NA,Richard,NA,Apaah DA Basic School,Routine Visit,NA,"Routine Visit, Lantern Replacement",NA,NA,NA,NA,NA,NA,Yes,1,Broken,NA,NA,NA,NA,NA,NA,NA,NA,NA,NA,NA,NA,NA,NA,NA,NA,They are utilizing our programs very effectively especially the use of science kits in teaching.,NA,NA,NA,2026-04-30
2026-04-30 9:27:30,68,R_j4th9nQ59PFTgUY,5.5545,-0.1902,Richard,NA,Richard,NA,Akyeremanteng,Routine Visit,NA,Routine Visit,NA,NA,NA,NA,NA,NA,NA,NA,NA,NA,NA,NA,NA,NA,NA,NA,NA,NA,NA,NA,NA,NA,NA,NA,NA,Doing well in all our programs,Student population is decreasing,NA,NA,2026-04-30
2026-04-30 9:28:41,75,R_hKONFXF1HrSA97t,5.5545,-0.1902,Richard,NA,Richard,NA,Zippo Nyuinyui,"Routine Visit, Full Update Survey",NA,"Routine Visit, Full Update Survey",NA,NA,NA,NA,NA,NA,NA,NA,NA,NA,NA,NA,NA,NA,NA,NA,NA,NA,NA,NA,NA,NA,NA,NA,NA,The use of science kits,Teachers effectiveness in running our programs,NA,NA,2026-04-30
2026-05-04 10:21:00,187,R_gaPwn3VzRtWcXGB,5.5545,-0.1902,Richard,NA,Richard,NA,Essam,"Routine Visit, Full Update Survey",NA,"Routine Visit, Science Kit Training/Distribution, Full Update Survey",NA,NA,NA,NA,NA,NA,NA,NA,NA,NA,NA,NA,NA,NA,NA,NA,NA,NA,NA,NA,NA,No,NA,Yes,5,Using the merry go round a lot.,The school is not using much of programs.,NA,The school is not doing in terms of enrollment. They currently do not have all levels. Mostly are the nursery and kindergarten,2026-05-04
2026-05-04 5:02:26,189,R_mJaLZdREa7E69K6,5.5545,-0.1902,Alex,NA,NA,NA,Afransua Dedewa MA Primary,Preparing the computer lab for reroofing,Preparing the computer lab for reroofing,Preparing the computer lab for reroofing,Preparing the computer lab for reroofing,NA,NA,NA,NA,NA,NA,NA,NA,NA,NA,NA,NA,NA,NA,NA,NA,NA,NA,NA,NA,NA,NA,NA,NA,None at the moment,No,No,No,2026-05-04
2026-05-11 6:47:51,94,R_oPaGZoXz5XKxFdJ,5.5545,-0.1902,Richard,NA,"Isaac, Richard, Alex",NA,Akwanserem,"Routine Visit, MGR/Charging Maintenance",NA,"Routine Visit, MGR/Charging Maintenance",NA,The charging station/solar needed to be fixed,NA,"Yes, all problems were resolved",No,NA,NA,NA,NA,NA,NA,NA,NA,NA,NA,NA,NA,NA,NA,NA,NA,NA,NA,NA,NA,Students are enjoying the use of science kits and the MGR,Maintaining the charging station,NA,NA,2026-05-11
2026-05-11 6:46:21,87,R_n9LzB6OeUxSNHqT,5.5545,-0.1902,Richard,NA,"Isaac, Richard, Alex",NA,Apaah DA Basic School,"Routine Visit, MGR/Charging Maintenance, New Project",NA,"Routine Visit, MGR/Charging Maintenance, New Project (specify):",NA,The charging station/solar needed to be fixed,NA,"Yes, all problems were resolved",No,NA,NA,NA,NA,NA,NA,NA,NA,NA,NA,NA,NA,NA,NA,NA,NA,NA,NA,NA,NA,The school is doing well in all of our programs,NA,NA,NA,2026-05-11
2026-05-13 2:34:18,91,R_mpeiG84waU1UXnY,5.5545,-0.1902,Richard,NA,NA,NA,Anateem Sumbrungu,"Routine Visit, Full Update Survey",NA,"Routine Visit, Student Survey Team Visit",NA,NA,NA,NA,NA,NA,NA,NA,NA,NA,NA,NA,NA,NA,NA,NA,NA,NA,NA,NA,NA,NA,NA,NA,NA,Doing well in our programs,Student attendance to school,Teachers are planning to have a PTA meeting to review that,NA,2026-05-13
2026-05-13 2:35:51,75,R_7VjP3hqwQ0RQMZL,5.5545,-0.1902,Richard,NA,NA,NA,Ataampuutum A/B,"Routine Visit, Full Update Survey",NA,"Routine Visit, Full Update Survey",NA,NA,NA,NA,NA,NA,NA,NA,NA,NA,NA,NA,NA,NA,NA,NA,NA,NA,NA,NA,NA,NA,NA,NA,NA,NA,Students attending school due to mining,NA,NA,2026-05-13
2026-05-13 2:38:32,48,R_otmLvHMu9Ae9tug,5.5545,-0.1902,Richard,NA,NA,NA,Community 9,"Routine Visit, Full Update Survey",NA,"Routine Visit, Full Update Survey",NA,NA,NA,NA,NA,NA,NA,NA,NA,NA,NA,NA,NA,NA,NA,NA,NA,NA,NA,NA,NA,NA,NA,NA,NA,The use of our lantern program,Student attendance due to mining activities,NA,NA,2026-05-13
