StartDate,Duration (in seconds),ResponseId,LocationLatitude,LocationLongitude,Q1,Q1_6_TEXT,Q1.5,Q1.5_6_TEXT,Q95,Q3,Q3_6_TEXT,Q4,Q4_6_TEXT,Q5,Q5_4_TEXT,Q6,Q6.5,Q7,Q8,Q9,Q10,Q10_4_TEXT,Q11,Q11_5_TEXT,Q12,Q13,Q14,Q15,Q16,Q17,Q18,Q19,Q20,Q21,Q22,Q23,Q24,Q26,Q27,Q28,Q93
Start Date,Duration (in seconds),Response ID,Location Latitude,Location Longitude,Your Name - Selected Choice,Your Name - Other: - Text,Are there any other members of the team joining you on this visit? - Selected Choice,Are there any other members of the team joining you on this visit? - Other - Text,School Name,"Why did you visit the school visit today? (Initial reason for coming, not what actually was done during visit) - Selected Choice","Why did you visit the school visit today? (Initial reason for coming, not what actually was done during visit) - Other: - Text","What did you do during the visit today? (Mark everything that was done today during your visit, whether it was the reason you came or not) - Selected Choice","What did you do during the visit today? (Mark everything that was done today during your visit, whether it was the reason you came or not) - Other: - Text",What was wrong with the MGR? - Selected Choice,What was wrong with the MGR? - Other: - Text,Were you able to fix it during this visit?,Did you replace the charging station battery?,Please describe what still needs to be done:,Did you need to replace any lanterns today?,How many lanterns?,Why did the lantern(s) need to be replaced? - Selected Choice,Why did the lantern(s) need to be replaced? - Other: - Text,What was wrong in the computer lab? - Selected Choice,What was wrong in the computer lab? - Other: - Text,Were you able to fix all the problems? (Make sure to read each option),How many computers were replaced?,How many computers were taken with you?,What materials/tools were you missing today that would have allowed you to fix the computer problem?,What was the focus of your computer training today?,How many teachers participated in the training?,Were any students present for your training?,"Please describe the students present. (Number of students, gender, class, and why they were allowed in the training).",How many kits were distributed today?,Did you distribute new science kits today?,How many science kits were given today?,Did you conduct a teacher training for science kits today?,How many teachers attended your training?,What do you feel that this school is doing well at? Please describe:,What is this school struggling with? Are there any problems you observed today during your visit that weren't already addressed in this survey? Please describe them in detail below:,"Do any of the problems you described need to be addressed immediately? If so, please list which problem and why it should be addressed ASAP.","If you have any other observations from today that you feel should be shared, please describe it here:"
12/1/2025 9:56:46,216,R_liBauH3vyvr2g6M,5.545411,-0.476599,Richard,NA,NA,NA,NA,"Computer Training,4",NA,NA,NA,NA,NA,NA,NA,NA,NA,NA,NA,NA,NA,NA,NA,NA,NA,NA,NA,NA,NA,NA,NA,NA,NA,NA,NA,NA,NA,NA,NA
12/3/2025 13:17:49,126,R_gDunXvDn46a9QRy,5.702667,-0.993091,Richard,NA,NA,NA,NA,4,NA,NA,NA,NA,NA,NA,NA,NA,NA,NA,NA,NA,NA,NA,NA,NA,NA,NA,NA,NA,NA,NA,NA,NA,NA,NA,NA,NA,NA,NA,NA
2026-01-12 0:56:33,118,R_mYFqURfHM2MdwS2,5.5545,-0.1902,Richard,NA,NA,NA,NA,Routine Visit,NA,NA,NA,NA,NA,NA,NA,NA,NA,NA,NA,NA,NA,NA,NA,NA,NA,NA,NA,NA,NA,NA,NA,NA,NA,NA,NA,NA,NA,NA,NA
2026-01-12 1:23:38,207,R_mJwyMpmDIfeRXtQ,5.5545,-0.1902,Richard,NA,NA,NA,NA,NA,NA,NA,NA,NA,NA,NA,NA,NA,NA,NA,NA,NA,NA,NA,NA,NA,NA,NA,NA,NA,NA,NA,NA,NA,NA,NA,NA,NA,NA,NA,NA
2026-01-12 5:06:05,250,R_hPTWNQTNZgZwcAM,5.5545,-0.1902,Richard,NA,NA,NA,Akwanserem,"Routine Visit, MGR/Charging Maintenance",NA,"Routine Visit, MGR/Charging Maintenance",NA,The charging station/solar needed to be fixed,NA,"No, I need other supplies and will have to come back another day",No,"The charging system was fictional so I remove it for repairs. Also the battery has fallen, I removed it for charging.",NA,NA,NA,NA,NA,NA,NA,NA,NA,NA,NA,NA,NA,NA,NA,NA,NA,NA,NA,The usage of science kits and the reusable menstrual kits.,Lantern group need more attention,The lantern group was recognized immediately,NA
2026-01-12 8:39:09,141,R_jhdA5nGdTfcFbrV,5.5545,-0.1902,Richard,NA,NA,NA,Bahankra,Routine Visit,NA,Routine Visit,NA,NA,NA,NA,NA,NA,NA,NA,NA,NA,NA,NA,NA,NA,NA,NA,NA,NA,NA,NA,NA,NA,NA,NA,NA,The school is doing very well with the lantern program. Students are equally distributed in groups. Good records are kept to ensure each lantern is accounted for.,NA,The school borehole isn’t working well,NA
2026-01-12 8:41:32,246,R_flCMy250Ik4Qugb,5.5545,-0.1902,Richard,NA,NA,NA,Domase,"Routine Visit, Other:",Look at the borehole and the classroom,Routine Visit,NA,NA,NA,NA,NA,NA,NA,NA,NA,NA,NA,NA,NA,NA,NA,NA,NA,NA,NA,NA,NA,NA,NA,NA,NA,They are beginning to have a productive usage of the science kits.,Due to lack of proper supervision some of the lantern groups don’t function as expected,Immediate training for the science kits program,Student population are increasing. Their classroom isn’t sufficient to cater for the students body
2026-01-13 11:27:20,267,R_h9lMyUWHV0QXaxn,5.5545,-0.1902,Alex,NA,Akuvi,NA,Nyienpeya,"Routine Visit, MGR/Charging Maintenance",NA,MGR/Charging Maintenance,NA,The charging station/solar needed to be fixed,NA,"No, I need other supplies and will have to come back another day",Yes,The charging station needs repairs,NA,NA,NA,NA,NA,NA,NA,NA,NA,NA,NA,NA,NA,NA,NA,NA,NA,NA,NA,They are doing well with our programs,NA,NA,NA
2026-01-13 11:18:20,537,R_bnajQ4leTKu6und,5.5545,-0.1902,Alex,NA,NA,NA,Anamenampa,Routine Visit,NA,MGR/Charging Maintenance,NA,The charging station/solar needed to be fixed,NA,"No, I need other supplies and will have to come back another day",Yes,The charging system needs repairs and a new battery,NA,NA,NA,NA,NA,NA,NA,NA,NA,NA,NA,NA,NA,NA,NA,NA,NA,NA,NA,The lantern groups are working and well coordinated,NA,NA,NA
2026-01-14 1:15:58,315,R_jWReEsfYigha4CD,5.5545,-0.1902,Richard,NA,NA,NA,Abrenya,"Routine Visit, Other:",Initiate the process of building a computer Lab,"Routine Visit, Student Survey Team Visit",NA,NA,NA,NA,NA,NA,NA,NA,NA,NA,NA,NA,NA,NA,NA,NA,NA,NA,NA,NA,NA,NA,NA,NA,NA,They are doing well in maintaining all projects given to them. Especially making sure the classroom built for them are in good shape,The use of science kits. Due to new curriculum requirements they are not using the kits as expected,I met with the Headmaster and the SMC chairman to finds ways to improve the use.,The school is doing well in academics. Since they got electricity recently. The school has wired all classroom with light and are doing night studies for the students who stay in close proximity
2026-01-19 3:17:05,70,R_h3F0PG1d4qj2Bfs,5.5545,-0.1902,Alex,NA,"Alex, Peace",NA,Akwansu,"Menstrual Kit Distribution, Science Kit Training/Distribution",NA,"Routine Visit, Menstrual Kit Distribution, Science Kit Training/Distribution",NA,NA,NA,NA,NA,NA,NA,NA,NA,NA,NA,NA,NA,NA,NA,NA,NA,NA,NA,NA,5,Yes,4,Yes,5,NA,NA,NA,NA
2026-01-19 3:04:57,335,R_dGmIZOuEr8p9tfz,5.5545,-0.1902,Alex,NA,"Peace, Akuvi",NA,Akwansu,Routine Visit,NA,"Routine Visit, Science Kit Training/Distribution",NA,NA,NA,NA,NA,NA,NA,NA,NA,NA,NA,NA,NA,NA,NA,NA,NA,NA,NA,NA,NA,Yes,4,Yes,4,They are doing well with all our programs,None,"New charging stations because the JHS is far from the primary school block, we are in process of building a new charging station for the school",None
2026-01-14 3:47:05,325,R_8pQuHFN2akQNH6L,5.5545,-0.1902,Alex,NA,Akuvi,NA,Adenya,Routine Visit,NA,"MGR/Charging Maintenance, Science Kit Training/Distribution",NA,"It wasn't spinning properly, The charging station/solar needed to be fixed",NA,"Yes, all problems were resolved",No,NA,NA,NA,NA,NA,NA,NA,NA,NA,NA,NA,NA,NA,NA,NA,NA,No,NA,Yes,3,All the programs are doing well,Light,No,They are doing well
2026-01-14 2:42:03,425,R_0ldWBh5NHVLyAt9,5.5545,-0.1902,Alex,NA,Akuvi,NA,Attabui,Routine Visit,NA,"Computer Maintenance, Science Kit Training/Distribution",NA,NA,NA,NA,NA,NA,NA,NA,NA,NA,The RACHEL was not functioning,NA,"Yes, but I had to replace the RACHEL",NA,NA,NA,NA,NA,NA,NA,NA,No,NA,Yes,2,All our programs are doing well,Space for Library,No,There is a new head master
2026-01-19 3:44:51,1098,R_o0evBAwdBdYK0JO,5.5545,-0.1902,Alex,NA,"Alex, Peace",NA,Obosonu,Routine Visit,NA,"Routine Visit, Computer Maintenance, Menstrual Kit Distribution",NA,NA,NA,NA,NA,NA,NA,NA,NA,NA,NA,NA,"Yes, it is all functioning",NA,NA,NA,NA,NA,NA,NA,6,NA,NA,NA,NA,All the programs are doing well,None,No,None
2026-01-15 2:03:23,790,R_5BnzL8NYwjxRWvX,5.5545,-0.1902,Alex,NA,Akuvi,NA,Luta,Routine Visit,NA,"Routine Visit, MGR/Charging Maintenance",NA,Other:,Broken leg,"No, I need other supplies and will have to come back another day",NA,Then whole system  needs to dismantle and taken to welding shop,NA,NA,NA,NA,NA,NA,NA,NA,NA,NA,NA,NA,NA,NA,NA,NA,NA,NA,NA,They are doing well with all our programs,None,None,No
2026-01-15 1:25:13,242,R_2xsc9HUyeyhTE9l,5.5545,-0.1902,Alex,NA,Akuvi,NA,Madavunu,Routine Visit,NA,"Routine Visit, MGR/Charging Maintenance, Lantern Replacement, Science Kit Training/Distribution",NA,The charging station/solar needed to be fixed,NA,"Yes, all problems were resolved",No,NA,No,NA,NA,NA,NA,NA,NA,NA,NA,NA,NA,NA,NA,NA,NA,No,NA,Yes,1,All the problems,N/A,N/A,Every thing is going on well
2026-01-19 4:52:05,144,R_cfOQgJbxIO0Giju,5.5545,-0.1902,Alex,NA,"Peace, Akuvi",NA,Akwansu,Routine Visit,NA,"MGR/Charging Maintenance, Menstrual Kit Distribution",NA,Other:,Repositioning,"Yes, all problems were resolved",NA,NA,NA,NA,NA,NA,NA,NA,NA,NA,NA,NA,NA,NA,NA,NA,3,NA,NA,NA,NA,All of our programs,None,None,None
2026-01-15 3:01:20,184,R_a7QbeVxIVMGR7fw,5.5545,-0.1902,Alex,NA,Akuvi,NA,Amuyaokope,Routine Visit,NA,Routine Visit,NA,NA,NA,NA,NA,NA,NA,NA,NA,NA,NA,NA,NA,NA,NA,NA,NA,NA,NA,NA,NA,NA,NA,NA,NA,All our programs are doing well,None,No,They were using the science kits to learn about electronics and electricals
2026-01-19 2:26:31,1085,R_eluNSmjS8tqNwGW,5.5545,-0.1902,Richard,NA,Richard,NA,Mepotumtum,"Computer Maintenance, Student Survey Team Visit",NA,"Routine Visit, Computer Maintenance, Student Survey Team Visit",NA,NA,NA,NA,NA,NA,NA,NA,NA,NA,"One or more computers were not working/turning on, One or more computers would not connect to the RACHEL",NA,"Yes, it is all functioning",NA,NA,NA,NA,NA,NA,NA,NA,NA,NA,NA,NA,The use of the Rachel device has improved. The usage of the science kits and its related applications is very well commendable. This has drawn the attention of the district office to provide them with more science related TLMs,"Due to insufficient teachers, some classes are combined.",Leakage at the one of the windows of the lab. Rains come inside the lab.,NA
2026-01-19 7:28:17,241,R_81yeGdwQrRPpagr,5.5545,-0.1902,Richard,NA,NA,NA,Akwanserem,"MGR/Charging Maintenance, Student Survey Team Visit",NA,"MGR/Charging Maintenance, Student Survey Team Visit",NA,The charging station/solar needed to be fixed,NA,"Yes, all problems were resolved",No,NA,NA,NA,NA,NA,NA,NA,NA,NA,NA,NA,NA,NA,NA,NA,NA,NA,NA,NA,NA,The school is doing in student organizations and helping them realize the true potential,They are still struggling with the lantern program,NA,Lantern program is working well as it should. I met with the teachers and oriented them again.
2026-01-20 3:40:35,308,R_9EOI6lhlgTlcRpm,5.5545,-0.1902,Richard,NA,NA,NA,Ntomem,"Routine Visit, Science Kit Training/Distribution, Student Survey Team Visit",NA,"Routine Visit, Science Kit Training/Distribution, Student Survey Team Visit",NA,NA,NA,NA,NA,NA,NA,NA,NA,NA,NA,NA,NA,NA,NA,NA,NA,NA,NA,NA,NA,Yes,4,Yes,21,The school is doing well in running all of our programs. Especially with use of science kits. Lantern program has also been effective managed,Due to large of students they have resorted to running the lantern program only for the JHS.,NA,NA
2026-01-21 4:50:05,140,R_gyUH1cWovolcGnA,5.5545,-0.1902,Richard,NA,NA,NA,Essam,Routine Visit,NA,"Routine Visit, Student Survey Team Visit",NA,NA,NA,NA,NA,NA,NA,NA,NA,NA,NA,NA,NA,NA,NA,NA,NA,NA,NA,NA,NA,NA,NA,NA,NA,Student population is on the increase,Enrollment,NA,The school is beginning to rise up. Enrollment is still increasing. I saw two students being admitted
2026-01-20 4:18:20,295,R_44gXpLJyuju4HGM,5.5545,-0.1902,Alex,NA,"Peace, Akuvi",NA,Anamenampa,"Routine Visit, MGR/Charging Maintenance",NA,"MGR/Charging Maintenance, Lantern Replacement, Menstrual Kit Distribution, Science Kit Training/Distribution",NA,Other:,Repositioning,"Yes, all problems were resolved",NA,NA,Yes,5,Broken,NA,NA,NA,NA,NA,NA,NA,NA,NA,NA,NA,4,Yes,3,Yes,5,They are doing in all our programs,Library,No,They are cooperating
2026-01-21 4:30:44,600,R_3KLPRzJ3TnzyZY0,5.5545,-0.1902,Alex,NA,"Peace, Akuvi",NA,Wurudu Wurudu,"Routine Visit, Computer Maintenance, Menstrual Kit Distribution",NA,"Routine Visit, Computer Maintenance, Menstrual Kit Distribution",NA,NA,NA,NA,NA,NA,NA,NA,NA,NA,One or more monitors would not turn on (computer was fine),NA,"Yes, it is all functioning",NA,NA,NA,NA,NA,NA,NA,10,NA,NA,NA,NA,The staff are cooperative,The computer lab doubles as a staff common room,No,NA
2026-01-22 4:03:19,110,R_95oEN2xJgFHVKqq,5.5545,-0.1902,Alex,NA,"Peace, Akuvi",NA,Mamakrom,Routine Visit,NA,"Lantern Replacement, Menstrual Kit Distribution, Science Kit Training/Distribution",NA,NA,NA,NA,NA,NA,Yes,6,Broken,NA,NA,NA,NA,NA,NA,NA,NA,NA,NA,NA,0,Yes,4,Yes,2,They are doing well with all our programs,None,No,None
2026-01-21 4:45:29,3712,R_bc5EFm1TEe4qtjX,5.5545,-0.1902,Alex,NA,"Peace, Akuvi",NA,Fawotrikosie,Routine Visit,NA,"Computer Maintenance, Menstrual Kit Distribution, Computer Training, Science Kit Training/Distribution",NA,NA,NA,NA,NA,NA,NA,NA,NA,NA,The RACHEL was not functioning,NA,"Yes, but I had to replace the RACHEL",NA,NA,NA,Help them understand the benefits of Rachel device,2,No,NA,1,No,NA,Yes,3,They are will doing well with all our programs,None,None,None
2026-01-23 3:19:01,175,R_2A7FuS3GTSLgAs1,5.5545,-0.1902,Alex,NA,"Peace, Akuvi",NA,Anamenampa,Other:,Delivery of Library books,Other:,Delivery of Library books,NA,NA,NA,NA,NA,NA,NA,NA,NA,NA,NA,NA,NA,NA,NA,NA,NA,NA,NA,NA,NA,NA,NA,NA,All our programs,None,No,None
2026-01-26 5:08:58,117,R_idViDiMfYTCXwK4,5.5545,-0.1902,Richard,NA,NA,NA,Wekpeti Abresu,"Science Kit Training/Distribution, Student Survey Team Visit",NA,"Science Kit Training/Distribution, Student Survey Team Visit",NA,NA,NA,NA,NA,NA,NA,NA,NA,NA,NA,NA,NA,NA,NA,NA,NA,NA,NA,NA,NA,No,NA,Yes,12,The  school been doing well with the science kits program.,NA,NA,There new teachers who aren’t acquainted with the science kits. Therefore a teacher training was scheduled
2026-01-26 3:36:52,284,R_olQ5Yv5r6UiEsB9,5.5545,-0.1902,Richard,NA,NA,NA,Ekorso Akwadum,"Computer Maintenance, Science Kit Training/Distribution, Student Survey Team Visit",NA,"Computer Maintenance, Computer Training, Science Kit Training/Distribution, Student Survey Team Visit",NA,NA,NA,NA,NA,NA,NA,NA,NA,NA,"One or more computers were not working/turning on, One or more computers would not connect to the RACHEL",NA,"No, I took the computer with me for it to be fixed, and will have to bring it back",NA,1,NA,How to use the Rachel device and helping students use the computer for other lessons,8,Yes,"There 18 students ,10 boys and 8 girl from the basic 8 class. They were invited because of a current need them use the Rachel to perform research for their incoming exams",NA,No,NA,Yes,13,The use of computer has increased dramatically since the beginning of the term.,The usage of the science kits is low.,NA,NA
2026-01-22 3:20:49,123,R_87lLtjTv5XJD2aT,5.5545,-0.1902,Richard,NA,NA,NA,Mansokwa,"Routine Visit, MGR/Charging Maintenance, Science Kit Training/Distribution, Student Survey Team Visit",NA,"Routine Visit, Science Kit Training/Distribution, Student Survey Team Visit",NA,NA,NA,NA,NA,NA,NA,NA,NA,NA,NA,NA,NA,NA,NA,NA,NA,NA,NA,NA,NA,No,NA,Yes,11,The school is doing well with all our programs especially the lantern program. Good records are kept and follow up is being made.,The usage of science kits.,NA,NA
2026-01-27 2:41:45,664,R_iWuTaPFKglFVhmz,5.5545,-0.1902,Alex,NA,Peace,NA,Mampong Shai,Routine Visit,NA,Routine Visit,NA,NA,NA,NA,NA,NA,NA,NA,NA,NA,NA,NA,NA,NA,NA,NA,NA,NA,NA,NA,NA,NA,NA,NA,NA,They are doing well in all our programs,No,No,No
2026-01-27 3:13:13,957,R_7KhwjrfibX7poP8,6.6816,-1.6221,Alex,NA,Peace,NA,Dedenya,Routine Visit,NA,Computer Maintenance,NA,NA,NA,NA,NA,NA,NA,NA,NA,NA,NA,NA,"No, I took the computer with me for it to be fixed, and will have to bring it back",NA,2,NA,NA,NA,NA,NA,NA,NA,NA,NA,NA,They all doing well in all our programs,None,No,No
2026-01-27 3:54:28,152,R_nUsyl4KjRDQ5WMa,5.5545,-0.1902,Richard,NA,NA,NA,Tun Tun,"Routine Visit, MGR/Charging Maintenance, Science Kit Training/Distribution",NA,"MGR/Charging Maintenance, Science Kit Training/Distribution, Student Survey Team Visit",NA,The charging station/solar needed to be fixed,NA,"Yes, all problems were resolved",Yes,NA,NA,NA,NA,NA,NA,NA,NA,NA,NA,NA,NA,NA,NA,NA,NA,No,NA,Yes,16,Teaching and learning is actively on course. The have so kept the lantern program very well. The use of science kits improve so far.,NA,NA,NA
2026-01-27 5:51:11,611,R_oMju2z4AGoQHvn8,5.5545,-0.1902,Richard,NA,NA,NA,Tun Tun,"Routine Visit, MGR/Charging Maintenance",NA,"Routine Visit, MGR/Charging Maintenance, Science Kit Training/Distribution, Student Survey Team Visit",NA,The charging station/solar needed to be fixed,NA,"No, I need other supplies and will have to come back another day",No,Two of the charging port re damage and needs to be replaced,NA,NA,NA,NA,NA,NA,NA,NA,NA,NA,NA,NA,NA,NA,NA,No,NA,Yes,18,The school is doing well in students organization. They are helping to students improve upon their academic performance as they prepare them for BECE,Lantern groups,Parent teacher meeting to help the parents understand the lantern program,NA
2026-01-28 4:20:02,164,R_nEOt5uX6NdUTymM,5.5545,-0.1902,Alex,NA,"Peace, Akuvi",NA,Nyapienya,"MGR/Charging Maintenance, Menstrual Kit Distribution",NA,MGR/Charging Maintenance,NA,"The charging station/solar needed to be fixed, Other:",Replacing the battery,"Yes, all problems were resolved",Yes,NA,NA,NA,NA,NA,NA,NA,NA,NA,NA,NA,NA,NA,NA,NA,NA,NA,NA,NA,NA,All the programs,Library,No,NA
2026-01-29 4:44:53,144,R_gsRf1mqgYuPYHiY,5.5545,-0.1902,Alex,NA,"Peace, Akuvi",NA,Dedenya,Routine Visit,NA,"Computer Maintenance, Other:",Library books distribution,NA,NA,NA,NA,NA,NA,NA,NA,NA,One or more computers were not working/turning on,NA,"Yes, but I had to replace a computer",2,NA,NA,NA,NA,NA,NA,NA,NA,NA,NA,NA,They are doing well in all our programs,None,No,No
2026-01-26 5:10:59,NA,R_5jfCHFZbbUWVKXV,5.5545,-0.1902,NA,NA,NA,NA,NA,NA,NA,NA,NA,NA,NA,NA,NA,NA,NA,NA,NA,NA,NA,NA,NA,NA,NA,NA,NA,NA,NA,NA,NA,NA,NA,NA,NA,NA,NA,NA,NA
2026-01-30 6:00:44,136,R_9HHbMOXzrUKFJd1,5.5545,-0.1902,Alex,NA,"Peace, Akuvi",NA,Luta,"MGR/Charging Maintenance, Computer Maintenance",NA,"MGR/Charging Maintenance, Computer Maintenance",NA,Other:,Broken legs,"Yes, all problems were resolved",NA,NA,NA,NA,NA,NA,One or more computers were not working/turning on,NA,"Yes, it is all functioning",NA,NA,NA,NA,NA,NA,NA,NA,NA,NA,NA,NA,All our programs are doing t,None,No,No
2026-02-10 3:48:50,948,R_fGTBKxBEQdr4lkt,5.5545,-0.1902,Alex,NA,"Peace, Akuvi",NA,Oyoko,Computer Maintenance,NA,Computer Maintenance,NA,NA,NA,NA,NA,NA,NA,NA,NA,NA,"One or more computers were not working/turning on, One or more monitors would not turn on (computer was fine), Other:",Replace three receivers,"No, I took the computer with me for it to be fixed, and will have to bring it back",NA,3,NA,NA,NA,NA,NA,NA,NA,NA,NA,NA,They are doing well with all our programs,None,No,No
2026-02-10 5:52:30,147,R_hsiHhPlQfoHWiQt,5.5545,-0.1902,Alex,NA,"Isaac, Peace, Akuvi",NA,Mpaem,Computer Maintenance,NA,Computer Maintenance,NA,NA,NA,NA,NA,NA,NA,NA,NA,NA,"One or more monitors would not turn on (computer was fine), Other:",Replaced 10receivers,"No, I didn't have the materials/tools needed and will have to come back again",NA,NA,"Mouse, vga cables and keyboards",NA,NA,NA,NA,NA,NA,NA,NA,NA,They are doing well with all our programs,None,No,No
2026-02-11 3:51:39,277,R_jmVTOwWtTTzfZdL,5.5545,-0.1902,Alex,NA,"Peace, Akuvi, Other",Vincent,Attabui,Computer Maintenance,NA,"Computer Maintenance, Computer Training",NA,NA,NA,NA,NA,NA,NA,NA,NA,NA,"The RACHEL was not functioning, One or more computers would not connect to the RACHEL, Other:",Replace 4 receivers,"Yes, but I had to replace the RACHEL",NA,NA,NA,Blowing dust and servicing the system unites,2,No,NA,NA,NA,NA,NA,NA,They are doing well with all our programs,No,No,No
2026-02-12 5:54:33,237,R_f2hZpBC54Pcl9w9,5.5545,-0.1902,Alex,NA,"Isaac, Peace, Akuvi",NA,Afransua Dedewa MA Primary,Computer Maintenance,NA,"Computer Maintenance, Computer Training, Other:",Computer lab restoration,NA,NA,NA,NA,NA,NA,NA,NA,NA,The RACHEL was not functioning,NA,"Yes, but I had to replace the RACHEL",NA,NA,NA,Understand and using RACHEL,2,No,NA,NA,NA,NA,NA,NA,They are doing well with all our programs,None,No,No
2026-02-16 4:28:54,173,R_26tYwjAZQhY2sRF,5.5545,-0.1902,Alex,NA,"Isaac, Peace, Akuvi, Other",Vincent,Wurudu Wurudu,"Routine Visit, Computer Maintenance",NA,"Routine Visit, Computer Maintenance",NA,NA,NA,NA,NA,NA,NA,NA,NA,NA,One or more computers were not working/turning on,NA,"No, I took the computer with me for it to be fixed, and will have to bring it back",NA,6,NA,NA,NA,NA,NA,NA,NA,NA,NA,NA,They are doing well in our programs,None,No,No
2026-02-16 6:15:56,133,R_dQrVembZNQfvTN7,5.5545,-0.1902,Alex,NA,"Peace, Akuvi, Other",Vincent,Fawotrikosie,"Computer Maintenance, Computer Training",NA,"Computer Maintenance, Computer Training",NA,NA,NA,NA,NA,NA,NA,NA,NA,NA,"The RACHEL was not functioning, One or more monitors would not turn on (computer was fine)",NA,"Yes, but I had to replace the RACHEL",NA,NA,NA,Rachel usage and maintenance,2,No,NA,NA,NA,NA,NA,NA,They are doing well in all our programs,None,No,No
2026-02-17 6:23:46,241,R_jDcv8Zc6IG1bSqF,5.5545,-0.1902,Alex,NA,"Peace, Akuvi",NA,Amuyaokope,Other:,Library books donations,"Computer Maintenance, Computer Training",NA,NA,NA,NA,NA,NA,NA,NA,NA,NA,"The RACHEL was not functioning, One or more computers would not connect to the RACHEL, Other:",Replaced 10 receivers,"Yes, but I had to replace the RACHEL",NA,NA,NA,Rachel,2,No,NA,NA,NA,NA,NA,NA,They are doing well with all our programs,None,No,No
2026-02-19 4:10:39,1011,R_oKB5v3906nyNeVQ,5.5545,-0.1902,Alex,NA,"Peace, Akuvi",NA,Afransua Dedewa MA Primary,"Routine Visit, Other:",Donated Library books,Menstrual Kit Distribution,NA,NA,NA,NA,NA,NA,NA,NA,NA,NA,NA,NA,NA,NA,NA,NA,NA,NA,NA,NA,10,NA,NA,NA,NA,They are doing well with all our programs,None,No,No
2026-02-10 2:42:39,159,R_mPq2bX3UlZBC4a4,5.5545,-0.1902,Richard,NA,NA,NA,Mobia,Lantern Replacement,NA,"Lantern Replacement, Science Kit Training/Distribution",NA,NA,NA,NA,NA,NA,Yes,5,Broken,NA,NA,NA,NA,NA,NA,NA,NA,NA,NA,NA,NA,No,NA,Yes,4,They are doing well in all of our programs especially the use of science kits and a teaching aid.,The need of more teachers to help coordinate the other classes,NA,NA
2026-02-24 2:33:40,174,R_d23BE1iVs5r8Qiw,5.5545,-0.1902,Alex,NA,"Peace, Akuvi",NA,Attabui,"Routine Visit, Computer Maintenance",NA,"Computer Maintenance, Menstrual Kit Distribution",NA,NA,NA,NA,NA,NA,NA,NA,NA,NA,One or more monitors would not turn on (computer was fine),NA,"Yes, it is all functioning",NA,NA,NA,NA,NA,NA,NA,0,NA,NA,NA,NA,They are doing well,None,No,No
2026-02-24 3:11:50,104,R_cXkdRNmPL0gpsQF,5.5545,-0.1902,Alex,NA,"Peace, Akuvi",NA,Adenya,"Menstrual Kit Distribution, Computer Training",NA,"Menstrual Kit Distribution, Science Kit Training/Distribution",NA,NA,NA,NA,NA,NA,NA,NA,NA,NA,NA,NA,NA,NA,NA,NA,NA,NA,NA,NA,0,No,NA,Yes,2,They are doing well,None,No,No
2026-02-24 3:28:01,36,R_iWOVBvYlN7BYfTO,5.5545,-0.1902,Alex,NA,"Peace, Akuvi",NA,Adenya,Menstrual Kit Distribution,NA,Menstrual Kit Distribution,NA,NA,NA,NA,NA,NA,NA,NA,NA,NA,NA,NA,NA,NA,NA,NA,NA,NA,NA,NA,7,NA,NA,NA,NA,NA,NA,NA,NA
2026-02-24 3:31:21,32,R_hCVmOycKEY1twi9,5.5545,-0.1902,Alex,NA,"Peace, Akuvi",NA,Adenya,Routine Visit,NA,Menstrual Kit Distribution,NA,NA,NA,NA,NA,NA,NA,NA,NA,NA,NA,NA,NA,NA,NA,NA,NA,NA,NA,NA,5,NA,NA,NA,NA,NA,NA,NA,NA
2026-02-25 6:25:32,49,R_jvManeg8ScIsU6s,5.5545,-0.1902,Alex,NA,"Peace, Akuvi",NA,Anamenampa,Routine Visit,NA,Other:,We visited with academic city students,NA,NA,NA,NA,NA,NA,NA,NA,NA,NA,NA,NA,NA,NA,NA,NA,NA,NA,NA,NA,NA,NA,NA,NA,NA,NA,NA,NA
2026-02-12 4:14:41,127,R_j3fYRmQertrjB1M,8.1,-1.2,Richard,NA,NA,NA,Ekorso Akwadum,Computer Maintenance,NA,Computer Maintenance,NA,NA,NA,NA,NA,NA,NA,NA,NA,NA,"The RACHEL was not functioning, One or more computers would not connect to the RACHEL",NA,"Yes, it is all functioning",NA,NA,NA,NA,NA,NA,NA,NA,NA,NA,NA,NA,The use of computer lab is highly commendable,Teachers using the same room as staff common room,They are relocating to a new rooms shortly,NA
2026-02-23 6:30:18,179,R_2LapQQ2tfqlYCPl,8.1,-1.2,Richard,NA,NA,NA,Dagomba,"MGR/Charging Maintenance, Computer Maintenance, Science Kit Training/Distribution",NA,MGR/Charging Maintenance,NA,It wasn't spinning properly,NA,"Partially, but it still needs more work",NA,There is crack in the top part where it spins. Making it spin one way,NA,NA,NA,NA,NA,NA,NA,NA,NA,NA,NA,NA,NA,NA,NA,NA,NA,NA,NA,Computer Project is being utilized well,Due ti student population routine usage of the lab is a major challenge,Increase of computers or improve current schedule,NA
2026-02-24 3:24:04,146,R_3cgMjGXI5kEz3Cm,8.1,-1.2,Richard,NA,NA,NA,Wenamda,"MGR/Charging Maintenance, Student Survey Team Visit",NA,"MGR/Charging Maintenance, Science Kit Training/Distribution, Student Survey Team Visit",NA,It wasn't spinning properly,NA,"Yes, all problems were resolved",NA,NA,NA,NA,NA,NA,NA,NA,NA,NA,NA,NA,NA,NA,NA,NA,NA,No,NA,Yes,12,The doing well with all our programs especially the library project. They are keeping the books are and allow the kids to visit the library on their own.,Science kits have not been used as ought to,NA,NA
2026-02-26 3:08:18,82,R_mm9VWUdhSRAsDoq,5.5545,-0.1902,Alex,NA,Peace,NA,Mampong Shai,Routine Visit,NA,"Routine Visit, Menstrual Kit Distribution",NA,NA,NA,NA,NA,NA,NA,NA,NA,NA,NA,NA,NA,NA,NA,NA,NA,NA,NA,NA,0,NA,NA,NA,NA,They are doing well with all our programs,None,No,No
2026-02-26 3:21:24,129,R_3AaIv5XEItCpsxy,5.5545,-0.1902,Alex,NA,Peace,NA,Dedenya,Routine Visit,NA,Menstrual Kit Distribution,NA,NA,NA,NA,NA,NA,NA,NA,NA,NA,NA,NA,NA,NA,NA,NA,NA,NA,NA,NA,0,NA,NA,NA,NA,They are doing well with all our programs,None,No,No
2026-03-17 6:19:48,159,R_ktdU3KysC4Yt6nN,5.5545,-0.1902,Alex,NA,"Isaac, Richard, Peace, Akuvi, Other","Ben, Jeff, Luke,Isaac and Jane",Alorkpem Island,Other:,New project Starlink,Other:,New project starlink,NA,NA,NA,NA,NA,NA,NA,NA,NA,NA,NA,NA,NA,NA,NA,NA,NA,NA,NA,NA,NA,NA,NA,NA,They are doing well in all our programs,None,No,No
10/25/24 3:43,NA,NA,NA,NA,Richard,NA,"Richard,Alex,Other",Ben,Koni Kablu,Project Update Visit,NA,NA,NA,NA,NA,NA,NA,NA,NA,NA,NA,NA,NA,NA,NA,NA,NA,NA,NA,NA,NA,NA,NA,NA,NA,NA,NA,NA,NA,NA,NA
10/27/24 4:20,NA,NA,NA,NA,Richard,NA,"Richard,Alex,Other",Ben,Minya,Project Update Visit,NA,NA,NA,NA,NA,NA,NA,NA,NA,NA,NA,NA,NA,NA,NA,NA,NA,NA,NA,NA,NA,NA,NA,NA,NA,NA,NA,NA,NA,NA,NA
1/16/25 2:02,NA,NA,NA,NA,Richard,NA,Richard,NA,Wekpeti Abresu,MGR Maintenance,NA,NA,NA,NA,NA,NA,NA,NA,NA,NA,NA,NA,NA,NA,NA,NA,NA,NA,NA,NA,NA,NA,NA,NA,NA,NA,NA,NA,NA,NA,NA
1/16/25 16:09,NA,NA,NA,NA,Richard,NA,Richard,NA,Ekorso Akwadum,Routine Program Evaluation,NA,NA,NA,NA,NA,NA,NA,NA,NA,NA,NA,NA,NA,NA,NA,NA,NA,NA,NA,NA,NA,NA,NA,NA,NA,NA,NA,NA,NA,NA,NA
1/16/25 16:13,NA,NA,NA,NA,Richard,NA,Richard,NA,Ntomem,Routine Program Evaluation,NA,NA,NA,NA,NA,NA,NA,NA,NA,NA,NA,NA,NA,NA,NA,NA,NA,NA,NA,NA,NA,NA,NA,NA,NA,NA,NA,NA,NA,NA,NA
1/27/25 4:31,NA,NA,NA,NA,Richard,NA,NA,NA,Wenamda,"MGR Maintenance,Routine Program Evaluation,Project Update Visit",NA,NA,NA,NA,NA,NA,NA,NA,NA,NA,NA,NA,NA,NA,NA,NA,NA,NA,NA,NA,NA,NA,NA,NA,NA,NA,NA,NA,NA,NA,NA
1/27/25 4:58,NA,NA,NA,NA,Richard,NA,NA,NA,Dagomba,"Routine Program Evaluation,Project Update Visit",NA,NA,NA,NA,NA,NA,NA,NA,NA,NA,NA,NA,NA,NA,NA,NA,NA,NA,NA,NA,NA,NA,NA,NA,NA,NA,NA,NA,NA,NA,NA
1/27/25 6:19,NA,NA,NA,NA,Richard,NA,Richard,NA,Domase,"Routine Program Evaluation,Project Update Visit",NA,NA,NA,NA,NA,NA,NA,NA,NA,NA,NA,NA,NA,NA,NA,NA,NA,NA,NA,NA,NA,NA,NA,NA,NA,NA,NA,NA,NA,NA,NA
3/25/25 12:44,NA,NA,NA,NA,Richard,NA,Richard,NA,Bahankra,MGR Maintenance,NA,NA,NA,NA,NA,NA,NA,NA,NA,NA,NA,NA,NA,NA,NA,NA,NA,NA,NA,NA,NA,NA,NA,NA,NA,NA,NA,NA,NA,NA,NA
3/25/25 12:46,NA,NA,NA,NA,Richard,NA,Richard,NA,Wenamda,"MGR Maintenance,Routine Program Evaluation",NA,NA,NA,NA,NA,NA,NA,NA,NA,NA,NA,NA,NA,NA,NA,NA,NA,NA,NA,NA,NA,NA,NA,NA,NA,NA,NA,NA,NA,NA,NA
3/25/25 12:49,NA,NA,NA,NA,Richard,NA,Richard,NA,Dagomba,"Routine Program Evaluation,Project Update Visit",NA,NA,NA,NA,NA,NA,NA,NA,NA,NA,NA,NA,NA,NA,NA,NA,NA,NA,NA,NA,NA,NA,NA,NA,NA,NA,NA,NA,NA,NA,NA
3/25/25 12:52,NA,NA,NA,NA,Richard,NA,Richard,NA,Domase,"Routine Program Evaluation,Project Update Visit",NA,NA,NA,NA,NA,NA,NA,NA,NA,NA,NA,NA,NA,NA,NA,NA,NA,NA,NA,NA,NA,NA,NA,NA,NA,NA,NA,NA,NA,NA,NA
3/25/25 12:55,NA,NA,NA,NA,Richard,NA,Other,"Vincent, Betsy, Darian and Mary",Mobia,"Routine Program Evaluation,Surveyor Team Visit,Project Update Visit",NA,NA,NA,NA,NA,NA,NA,NA,NA,NA,NA,NA,NA,NA,NA,NA,NA,NA,NA,NA,NA,NA,NA,NA,NA,NA,NA,NA,NA,NA,NA
3/25/25 12:58,NA,NA,NA,NA,Richard,NA,Other,"Vincent,Mary,Betsy and Darian",Wenamda,"Routine Program Evaluation,Surveyor Team Visit,Project Update Visit",NA,NA,NA,NA,NA,NA,NA,NA,NA,NA,NA,NA,NA,NA,NA,NA,NA,NA,NA,NA,NA,NA,NA,NA,NA,NA,NA,NA,NA,NA,NA
3/27/25 4:33,NA,NA,NA,NA,Other,NA,Alex,NA,Afransua Dedewa MA Primary,Routine Program Evaluation,NA,NA,NA,NA,NA,NA,NA,NA,NA,NA,NA,NA,NA,NA,NA,NA,NA,NA,NA,NA,NA,NA,NA,NA,NA,NA,NA,NA,NA,NA,NA
3/27/25 4:28,NA,NA,NA,NA,Isaac,NA,Alex,NA,Pediatorkope,Routine Program Evaluation,NA,NA,NA,NA,NA,NA,NA,NA,NA,NA,NA,NA,NA,NA,NA,NA,NA,NA,NA,NA,NA,NA,NA,NA,NA,NA,NA,NA,NA,NA,NA
3/27/25 5:17,NA,NA,NA,NA,Isaac,NA,NA,Alex,Koni Kablu,Routine Program Evaluation,NA,NA,NA,NA,NA,NA,NA,NA,NA,NA,NA,NA,NA,NA,NA,NA,NA,NA,NA,NA,NA,NA,NA,NA,NA,NA,NA,NA,NA,NA,NA
4/9/25 2:22,NA,NA,NA,NA,Peace,NA,NA,Alex,Dedenya,"MGR Maintenance,Routine Program Evaluation,Other",Donation,NA,NA,NA,NA,NA,NA,NA,NA,NA,NA,NA,NA,NA,NA,NA,NA,NA,NA,NA,NA,NA,NA,NA,NA,NA,NA,NA,NA,NA,NA
4/2/25 4:07,NA,NA,NA,NA,Other,NA,NA,Alex,Akwansu,Routine Program Evaluation,NA,NA,NA,NA,NA,NA,NA,NA,NA,NA,NA,NA,NA,NA,NA,NA,NA,NA,NA,NA,NA,NA,NA,NA,NA,NA,NA,NA,NA,NA,NA
4/2/25 4:51,NA,NA,NA,NA,Other,NA,NA,Alex,Obosonu,Routine Program Evaluation,NA,NA,NA,NA,NA,NA,NA,NA,NA,NA,NA,NA,NA,NA,NA,NA,NA,NA,NA,NA,NA,NA,NA,NA,NA,NA,NA,NA,NA,NA,NA
4/3/25 4:35,NA,NA,NA,NA,Other,NA,NA,Alex,Anamenampa,Routine Program Evaluation,NA,NA,NA,NA,NA,NA,NA,NA,NA,NA,NA,NA,NA,NA,NA,NA,NA,NA,NA,NA,NA,NA,NA,NA,NA,NA,NA,NA,NA,NA,NA
4/14/25 5:38,NA,NA,NA,NA,Peace,NA,NA,Alex,Mpaem,"MGR Maintenance,Routine Program Evaluation",NA,NA,NA,NA,NA,NA,NA,NA,NA,NA,NA,NA,NA,NA,NA,NA,NA,NA,NA,NA,NA,NA,NA,NA,NA,NA,NA,NA,NA,NA,NA
4/15/25 5:58,NA,NA,NA,NA,Other,NA,Vincent,Alex,Madavunu,"MGR Maintenance,Routine Program Evaluation",NA,NA,NA,NA,NA,NA,NA,NA,NA,NA,NA,NA,NA,NA,NA,NA,NA,NA,NA,NA,NA,NA,NA,NA,NA,NA,NA,NA,NA,NA,NA
4/15/25 4:44,NA,NA,NA,NA,Other,NA,NA,Alex,Luta,"MGR Maintenance,Routine Program Evaluation",NA,NA,NA,NA,NA,NA,NA,NA,NA,NA,NA,NA,NA,NA,NA,NA,NA,NA,NA,NA,NA,NA,NA,NA,NA,NA,NA,NA,NA,NA,NA
4/15/25 5:28,NA,NA,NA,NA,Other,NA,NA,Alex,Terhey,"MGR Maintenance,Routine Program Evaluation",NA,NA,NA,NA,NA,NA,NA,NA,NA,NA,NA,NA,NA,NA,NA,NA,NA,NA,NA,NA,NA,NA,NA,NA,NA,NA,NA,NA,NA,NA,NA
4/15/25 4:25,NA,NA,NA,NA,Other,NA,NA,Alex,Amuyaokope,"MGR Maintenance,Routine Program Evaluation",NA,NA,NA,NA,NA,NA,NA,NA,NA,NA,NA,NA,NA,NA,NA,NA,NA,NA,NA,NA,NA,NA,NA,NA,NA,NA,NA,NA,NA,NA,NA
5/7/25 5:12,NA,NA,NA,NA,Isaac,NA,NA,Alex,Pediatorkope,"MGR Maintenance,Surveyor Team Visit",NA,NA,NA,NA,NA,NA,NA,NA,NA,NA,NA,NA,NA,NA,NA,NA,NA,NA,NA,NA,NA,NA,NA,NA,NA,NA,NA,NA,NA,NA,NA
4/16/25 4:35,NA,NA,NA,NA,Isaac,NA,NA,Alex,Minya,"MGR Maintenance,Routine Program Evaluation",NA,NA,NA,NA,NA,NA,NA,NA,NA,NA,NA,NA,NA,NA,NA,NA,NA,NA,NA,NA,NA,NA,NA,NA,NA,NA,NA,NA,NA,NA,NA
5/8/25 5:39,NA,NA,NA,NA,Other,NA,NA,Alex,Afransua Dedewa MA Primary,"MGR Maintenance,Routine Program Evaluation,Project Update Visit",NA,NA,NA,NA,NA,NA,NA,NA,NA,NA,NA,NA,NA,NA,NA,NA,NA,NA,NA,NA,NA,NA,NA,NA,NA,NA,NA,NA,NA,NA,NA
5/9/25 6:28,NA,NA,NA,NA,Other,NA,NA,Alex,Adenya,"MGR Maintenance,Routine Program Evaluation,Project Update Visit",NA,NA,NA,NA,NA,NA,NA,NA,NA,NA,NA,NA,NA,NA,NA,NA,NA,NA,NA,NA,NA,NA,NA,NA,NA,NA,NA,NA,NA,NA,NA
5/12/25 8:03,NA,NA,NA,NA,Isaac,NA,NA,Alex,Pediatorkope,Other,Solar and Computer lab installation,NA,NA,NA,NA,NA,NA,NA,NA,NA,NA,NA,NA,NA,NA,NA,NA,NA,NA,NA,NA,NA,NA,NA,NA,NA,NA,NA,NA,NA,NA
5/13/25 10:25,NA,NA,NA,NA,Isaac,NA,NA,Isaac,Akwansu,"MGR Maintenance,Routine Program Evaluation",NA,NA,NA,NA,NA,NA,NA,NA,NA,NA,NA,NA,NA,NA,NA,NA,NA,NA,NA,NA,NA,NA,NA,NA,NA,NA,NA,NA,NA,NA,NA
5/13/25 10:23,NA,NA,NA,NA,Richard,NA,NA,Richard,Ankwansrem,"MGR Maintenance,Routine Program Evaluation",NA,NA,NA,NA,NA,NA,NA,NA,NA,NA,NA,NA,NA,NA,NA,NA,NA,NA,NA,NA,NA,NA,NA,NA,NA,NA,NA,NA,NA,NA,NA
5/13/25 10:26,NA,NA,NA,NA,Isaac,NA,NA,Richard,Abrenya,"MGR Maintenance,Routine Program Evaluation",NA,NA,NA,NA,NA,NA,NA,NA,NA,NA,NA,NA,NA,NA,NA,NA,NA,NA,NA,NA,NA,NA,NA,NA,NA,NA,NA,NA,NA,NA,NA
5/19/25 6:10,NA,NA,NA,NA,Other,NA,Alex,Alex,Mampong Shai,"MGR Maintenance,Routine Program Evaluation",NA,NA,NA,NA,NA,NA,NA,NA,NA,NA,NA,NA,NA,NA,NA,NA,NA,NA,NA,NA,NA,NA,NA,NA,NA,NA,NA,NA,NA,NA,NA
5/22/25 3:29,NA,NA,NA,NA,Peace,NA,NA,Alex,Mpaem,"MGR Maintenance,Routine Program Evaluation",NA,NA,NA,NA,NA,NA,NA,NA,NA,NA,NA,NA,NA,NA,NA,NA,NA,NA,NA,NA,NA,NA,NA,NA,NA,NA,NA,NA,NA,NA,NA
5/21/25 3:27,NA,NA,NA,NA,Peace,NA,NA,Alex,Obosonu,"MGR Maintenance,Project Update Visit",NA,NA,NA,NA,NA,NA,NA,NA,NA,NA,NA,NA,NA,NA,NA,NA,NA,NA,NA,NA,NA,NA,NA,NA,NA,NA,NA,NA,NA,NA,NA
5/19/25 6:35,NA,NA,NA,NA,Other,NA,Alex,Alex,Dedenya,"MGR Maintenance,Routine Program Evaluation",NA,NA,NA,NA,NA,NA,NA,NA,NA,NA,NA,NA,NA,NA,NA,NA,NA,NA,NA,NA,NA,NA,NA,NA,NA,NA,NA,NA,NA,NA,NA
5/21/25 3:11,NA,NA,NA,NA,Peace,NA,NA,Alex,Akwansu,Project Update Visit,NA,NA,NA,NA,NA,NA,NA,NA,NA,NA,NA,NA,NA,NA,NA,NA,NA,NA,NA,NA,NA,NA,NA,NA,NA,NA,NA,NA,NA,NA,NA
5/24/25 8:55,NA,NA,NA,NA,Richard,NA,NA,Richard,Abrenya,MGR Maintenance,NA,NA,NA,NA,NA,NA,NA,NA,NA,NA,NA,NA,NA,NA,NA,NA,NA,NA,NA,NA,NA,NA,NA,NA,NA,NA,NA,NA,NA,NA,NA
5/24/25 8:57,NA,NA,NA,NA,Richard,NA,NA,Richard,Ntomem,Project Update Visit,NA,NA,NA,NA,NA,NA,NA,NA,NA,NA,NA,NA,NA,NA,NA,NA,NA,NA,NA,NA,NA,NA,NA,NA,NA,NA,NA,NA,NA,NA,NA
5/24/25 9:02,NA,NA,NA,NA,Richard,NA,NA,Richard,Ekorso Akwadum,Project Update Visit,NA,NA,NA,NA,NA,NA,NA,NA,NA,NA,NA,NA,NA,NA,NA,NA,NA,NA,NA,NA,NA,NA,NA,NA,NA,NA,NA,NA,NA,NA,NA
5/24/25 9:06,NA,NA,NA,NA,Richard,NA,NA,Richard,Akwansu,Project Update Visit,NA,NA,NA,NA,NA,NA,NA,NA,NA,NA,NA,NA,NA,NA,NA,NA,NA,NA,NA,NA,NA,NA,NA,NA,NA,NA,NA,NA,NA,NA,NA
5/24/25 9:08,NA,NA,NA,NA,Richard,NA,NA,Richard,Yonguase,"MGR Maintenance,Project Update Visit",NA,NA,NA,NA,NA,NA,NA,NA,NA,NA,NA,NA,NA,NA,NA,NA,NA,NA,NA,NA,NA,NA,NA,NA,NA,NA,NA,NA,NA,NA,NA
6/3/25 4:25,NA,NA,NA,NA,Richard,NA,NA,"Sammy,Bradley and Kyle",Adenya,"Routine Program Evaluation,Project Update Visit",NA,NA,NA,NA,NA,NA,NA,NA,NA,NA,NA,NA,NA,NA,NA,NA,NA,NA,NA,NA,NA,NA,NA,NA,NA,NA,NA,NA,NA,NA,NA
6/3/25 4:28,NA,NA,NA,NA,Richard,NA,NA,"Sammy,Bradley and Kyle",Attabui,Project Update Visit,NA,NA,NA,NA,NA,NA,NA,NA,NA,NA,NA,NA,NA,NA,NA,NA,NA,NA,NA,NA,NA,NA,NA,NA,NA,NA,NA,NA,NA,NA,NA
6/4/25 10:51,NA,NA,NA,NA,Richard,NA,NA,"Sammy, Bradley and Kyle",Alorkpem Island,Project Update Visit,NA,NA,NA,NA,NA,NA,NA,NA,NA,NA,NA,NA,NA,NA,NA,NA,NA,NA,NA,NA,NA,NA,NA,NA,NA,NA,NA,NA,NA,NA,NA
6/4/25 10:54,NA,NA,NA,NA,Richard,NA,NA,"Sammy, Bradley and Kyle",Obosonu,Project Update Visit,NA,NA,NA,NA,NA,NA,NA,NA,NA,NA,NA,NA,NA,NA,NA,NA,NA,NA,NA,NA,NA,NA,NA,NA,NA,NA,NA,NA,NA,NA,NA
5/27/25 4:05,NA,NA,NA,NA,Other,NA,Morgan,"Peace, Jack",Afransua Dedewa MA Primary,"MGR Maintenance,Routine Program Evaluation",NA,NA,NA,NA,NA,NA,NA,NA,NA,NA,NA,NA,NA,NA,NA,NA,NA,NA,NA,NA,NA,NA,NA,NA,NA,NA,NA,NA,NA,NA,NA
6/5/25 4:30,NA,NA,NA,NA,Isaac,NA,NA,"Richard,Alex,Peace",Pediatorkope,Other,Computers donation,NA,NA,NA,NA,NA,NA,NA,NA,NA,NA,NA,NA,NA,NA,NA,NA,NA,NA,NA,NA,NA,NA,NA,NA,NA,NA,NA,NA,NA,NA
5/28/25 15:10,NA,NA,NA,NA,Other,NA,"Morgan, Richard Alex Zack","Richard,Alex",Attabui,Project Update Visit,NA,NA,NA,NA,NA,NA,NA,NA,NA,NA,NA,NA,NA,NA,NA,NA,NA,NA,NA,NA,NA,NA,NA,NA,NA,NA,NA,NA,NA,NA,NA
5/23/25 5:12,NA,NA,NA,NA,Other,NA,NA,Alex,Pediatorkope,"MGR Maintenance,Project Update Visit",NA,NA,NA,NA,NA,NA,NA,NA,NA,NA,NA,NA,NA,NA,NA,NA,NA,NA,NA,NA,NA,NA,NA,NA,NA,NA,NA,NA,NA,NA,NA
5/22/25 5:38,NA,NA,NA,NA,Peace,NA,NA,Alex,Adenya,"MGR Maintenance,Routine Program Evaluation",NA,NA,NA,NA,NA,NA,NA,NA,NA,NA,NA,NA,NA,NA,NA,NA,NA,NA,NA,NA,NA,NA,NA,NA,NA,NA,NA,NA,NA,NA,NA
5/29/25 4:46,NA,NA,NA,NA,Peace,NA,NA,Alex,Adenya,"MGR Maintenance,Routine Program Evaluation",NA,NA,NA,NA,NA,NA,NA,NA,NA,NA,NA,NA,NA,NA,NA,NA,NA,NA,NA,NA,NA,NA,NA,NA,NA,NA,NA,NA,NA,NA,NA
"{""ImportId"":""startDate"",""timeZone"":""America/Denver""}","{""ImportId"":""duration""}","{""ImportId"":""_recordId""}","{""ImportId"":""locationLatitude""}","{""ImportId"":""locationLongitude""}","{""ImportId"":""QID43""}","{""ImportId"":""QID43_4_TEXT""}",NA,NA,"{""ImportId"":""QID48""}","{""ImportId"":""QID18""}","{""ImportId"":""QID18_5_TEXT""}",NA,NA,NA,NA,NA,NA,NA,NA,NA,NA,NA,NA,NA,NA,NA,NA,NA,NA,NA,NA,NA,NA,NA,NA,NA,NA,NA,NA,NA,NA
2022-10-11 08:34:21,340,R_dNWGcdhZzdG5qAp,5.29982,-2.071977,George,NA,NA,NA,NA,"Routine Program Evaluation,Surveyor Team Visit",NA,NA,NA,NA,NA,NA,NA,NA,NA,NA,NA,NA,NA,NA,NA,NA,NA,NA,NA,NA,NA,NA,NA,NA,NA,NA,NA,NA,NA,NA,NA
2022-11-29 08:28:03,151,R_eYuHD8lDpjWgize,5.802334,0.59557,George,NA,NA,NA,NA,"Routine Program Evaluation,Surveyor Team Visit",NA,NA,NA,NA,NA,NA,NA,NA,NA,NA,NA,NA,NA,NA,NA,NA,NA,NA,NA,NA,NA,NA,NA,NA,NA,NA,NA,NA,NA,NA,NA
2023-07-10 06:29:15,2136,R_6qUYuiRltaeRdtP,NA,NA,George,NA,NA,NA,NA,"MGR Maintenance,Routine Program Evaluation,Surveyor Team Visit",NA,NA,NA,NA,NA,NA,NA,NA,NA,NA,NA,NA,NA,NA,NA,NA,NA,NA,NA,NA,NA,NA,NA,NA,NA,NA,NA,NA,NA,NA,NA
2023-07-10 06:17:34,360,R_llthtdUs9RZopi8,6.024812,0.259177,George,NA,NA,NA,NA,"MGR Maintenance,Routine Program Evaluation,Surveyor Team Visit",NA,NA,NA,NA,NA,NA,NA,NA,NA,NA,NA,NA,NA,NA,NA,NA,NA,NA,NA,NA,NA,NA,NA,NA,NA,NA,NA,NA,NA,NA,NA
2023-07-11 05:50:08,1858,R_474vSLwM1aknmaG,5.897865,-0.276598,George,NA,NA,NA,NA,"Routine Program Evaluation,Surveyor Team Visit",NA,NA,NA,NA,NA,NA,NA,NA,NA,NA,NA,NA,NA,NA,NA,NA,NA,NA,NA,NA,NA,NA,NA,NA,NA,NA,NA,NA,NA,NA,NA
2023-07-12 05:32:59,401,R_3q7CSZkxm7J1QV1,5.894203,-0.251347,George,NA,NA,NA,NA,"Routine Program Evaluation,Surveyor Team Visit",NA,NA,NA,NA,NA,NA,NA,NA,NA,NA,NA,NA,NA,NA,NA,NA,NA,NA,NA,NA,NA,NA,NA,NA,NA,NA,NA,NA,NA,NA,NA
2023-07-13 06:20:36,608,R_gyR8IdZnEkNbGYn,6.849223,-1.135352,George,NA,NA,NA,NA,"Routine Program Evaluation,Surveyor Team Visit",NA,NA,NA,NA,NA,NA,NA,NA,NA,NA,NA,NA,NA,NA,NA,NA,NA,NA,NA,NA,NA,NA,NA,NA,NA,NA,NA,NA,NA,NA,NA
2023-07-13 07:05:32,683,R_6DF6Ia846tFGKS4,6.865347,-1.217725,George,NA,NA,NA,NA,"Routine Program Evaluation,Surveyor Team Visit",NA,NA,NA,NA,NA,NA,NA,NA,NA,NA,NA,NA,NA,NA,NA,NA,NA,NA,NA,NA,NA,NA,NA,NA,NA,NA,NA,NA,NA,NA,NA
2023-07-17 04:57:49,388,R_fXbz3GrwgiSvvqn,NA,NA,Richard,NA,NA,NA,NA,"Routine Program Evaluation,Project Update Visit",NA,NA,NA,NA,NA,NA,NA,NA,NA,NA,NA,NA,NA,NA,NA,NA,NA,NA,NA,NA,NA,NA,NA,NA,NA,NA,NA,NA,NA,NA,NA
2023-07-17 06:13:11,213,R_kMo5qoBAeCJ9CkU,6.297159,-0.68944,Richard,NA,NA,NA,NA,"Routine Program Evaluation,Surveyor Team Visit,Project Update Visit",NA,NA,NA,NA,NA,NA,NA,NA,NA,NA,NA,NA,NA,NA,NA,NA,NA,NA,NA,NA,NA,NA,NA,NA,NA,NA,NA,NA,NA,NA,NA
2023-07-19 03:55:23,110,R_bgbkCPm7UIBrXGA,6.371793,-1.063718,Richard,NA,NA,NA,NA,"MGR Maintenance,Routine Program Evaluation,Project Update Visit",NA,NA,NA,NA,NA,NA,NA,NA,NA,NA,NA,NA,NA,NA,NA,NA,NA,NA,NA,NA,NA,NA,NA,NA,NA,NA,NA,NA,NA,NA,NA
2023-07-19 03:57:16,142,R_8FMqFaDLCjtVKa1,NA,NA,Richard,NA,NA,NA,NA,"Routine Program Evaluation,Project Update Visit",NA,NA,NA,NA,NA,NA,NA,NA,NA,NA,NA,NA,NA,NA,NA,NA,NA,NA,NA,NA,NA,NA,NA,NA,NA,NA,NA,NA,NA,NA,NA
2023-07-20 02:40:18,177,R_3gzyrzWoF2cM9Iq,5.817083,0.318364,Richard,NA,NA,NA,NA,"Routine Program Evaluation,Surveyor Team Visit,Project Update Visit",NA,NA,NA,NA,NA,NA,NA,NA,NA,NA,NA,NA,NA,NA,NA,NA,NA,NA,NA,NA,NA,NA,NA,NA,NA,NA,NA,NA,NA,NA,NA
2023-07-14 03:37:27,257,R_i8k6QL7esUxUw7C,6.990203,-1.099282,George,NA,NA,NA,NA,"Routine Program Evaluation,Surveyor Team Visit",NA,NA,NA,NA,NA,NA,NA,NA,NA,NA,NA,NA,NA,NA,NA,NA,NA,NA,NA,NA,NA,NA,NA,NA,NA,NA,NA,NA,NA,NA,NA
2023-07-20 06:30:33,219,R_a678ytSKpNgI7aG,5.90314,-0.522263,George,NA,NA,NA,NA,"Routine Program Evaluation,Surveyor Team Visit",NA,NA,NA,NA,NA,NA,NA,NA,NA,NA,NA,NA,NA,NA,NA,NA,NA,NA,NA,NA,NA,NA,NA,NA,NA,NA,NA,NA,NA,NA,NA
2023-07-20 05:22:50,184,R_gt7ODyG3WwjS6On,5.985979,0.356787,Richard,NA,NA,NA,Luta,"Routine Program Evaluation,Project Update Visit",NA,NA,NA,NA,NA,NA,NA,NA,NA,NA,NA,NA,NA,NA,NA,NA,NA,NA,NA,NA,NA,NA,NA,NA,NA,NA,NA,NA,NA,NA,NA
2023-07-21 03:16:36,236,R_beuAqzkrsGiLgdQ,NA,NA,Richard,NA,NA,NA,Bomigo,"Routine Program Evaluation,Project Update Visit",NA,NA,NA,NA,NA,NA,NA,NA,NA,NA,NA,NA,NA,NA,NA,NA,NA,NA,NA,NA,NA,NA,NA,NA,NA,NA,NA,NA,NA,NA,NA
2023-07-21 04:08:03,539,R_3UVBo4YTLImr71Y,5.94612,-0.326532,George,NA,NA,NA,NA,"Routine Program Evaluation,Surveyor Team Visit",NA,NA,NA,NA,NA,NA,NA,NA,NA,NA,NA,NA,NA,NA,NA,NA,NA,NA,NA,NA,NA,NA,NA,NA,NA,NA,NA,NA,NA,NA,NA
2023-07-25 05:27:11,256,R_24IPUJi8Xbi2PZ7,5.852065,-0.459718,George,NA,NA,NA,NA,"Routine Program Evaluation,Surveyor Team Visit",NA,NA,NA,NA,NA,NA,NA,NA,NA,NA,NA,NA,NA,NA,NA,NA,NA,NA,NA,NA,NA,NA,NA,NA,NA,NA,NA,NA,NA,NA,NA
2023-07-27 04:06:56,337,R_3a573MEZadZdv4m,7.281802,-2.436008,George,NA,NA,NA,NA,"Routine Program Evaluation,Surveyor Team Visit",NA,NA,NA,NA,NA,NA,NA,NA,NA,NA,NA,NA,NA,NA,NA,NA,NA,NA,NA,NA,NA,NA,NA,NA,NA,NA,NA,NA,NA,NA,NA
2023-07-27 08:07:06,1795,R_iQbavtbeCbR5rz3,7.291163,-2.405418,George,NA,NA,NA,NA,"MGR Maintenance,Routine Program Evaluation,Surveyor Team Visit",NA,NA,NA,NA,NA,NA,NA,NA,NA,NA,NA,NA,NA,NA,NA,NA,NA,NA,NA,NA,NA,NA,NA,NA,NA,NA,NA,NA,NA,NA,NA
2023-08-14 04:49:24,415,R_0v8wKtooFwyG4RB,7.125606,-0.676137,Richard,NA,NA,NA,NA,"MGR Maintenance,Routine Program Evaluation,Surveyor Team Visit,Project Update Visit",NA,NA,NA,NA,NA,NA,NA,NA,NA,NA,NA,NA,NA,NA,NA,NA,NA,NA,NA,NA,NA,NA,NA,NA,NA,NA,NA,NA,NA,NA,NA
2023-08-14 07:48:56,154,R_bJjoUoxGCAJ4idt,7.123064,-0.795434,Richard,NA,NA,NA,NA,"MGR Maintenance,Surveyor Team Visit",NA,NA,NA,NA,NA,NA,NA,NA,NA,NA,NA,NA,NA,NA,NA,NA,NA,NA,NA,NA,NA,NA,NA,NA,NA,NA,NA,NA,NA,NA,NA
2023-08-08 06:32:39,688,R_347IjUvZ3rfFtgW,7.662902,-0.991043,George,NA,NA,NA,Old Konkompe,"Routine Program Evaluation,Surveyor Team Visit",NA,NA,NA,NA,NA,NA,NA,NA,NA,NA,NA,NA,NA,NA,NA,NA,NA,NA,NA,NA,NA,NA,NA,NA,NA,NA,NA,NA,NA,NA,NA
2023-08-08 08:31:42,833,R_hiKkfuHH6SlQLP3,NA,NA,George,NA,NA,NA,Watro (Watroso),"Routine Program Evaluation,Surveyor Team Visit",NA,NA,NA,NA,NA,NA,NA,NA,NA,NA,NA,NA,NA,NA,NA,NA,NA,NA,NA,NA,NA,NA,NA,NA,NA,NA,NA,NA,NA,NA,NA
2023-08-16 04:51:34,560,R_g0R6mGV5kqrp23n,5.961392,-0.537672,George,NA,NA,NA,Fawotrikosie,"Routine Program Evaluation,Surveyor Team Visit",NA,NA,NA,NA,NA,NA,NA,NA,NA,NA,NA,NA,NA,NA,NA,NA,NA,NA,NA,NA,NA,NA,NA,NA,NA,NA,NA,NA,NA,NA,NA
2023-08-23 05:58:38,6075,R_iRBJvi05WPE6pbU,6.232793,-0.058388,George,NA,NA,NA,Yonguase,"Routine Program Evaluation,Surveyor Team Visit,Other",NA,NA,NA,NA,NA,NA,NA,NA,NA,NA,NA,NA,NA,NA,NA,NA,NA,NA,NA,NA,NA,NA,NA,NA,NA,NA,NA,NA,NA,NA,NA
2023-08-24 01:43:41,3686,R_lRmQUdsl5C4zzTQ,6.215218,-0.005323,George,NA,NA,NA,Tsledom,"Routine Program Evaluation,Surveyor Team Visit",NA,NA,NA,NA,NA,NA,NA,NA,NA,NA,NA,NA,NA,NA,NA,NA,NA,NA,NA,NA,NA,NA,NA,NA,NA,NA,NA,NA,NA,NA,NA
2023-08-24 07:04:10,6292,R_ctz5O768j7MuwM4,6.316312,-0.016793,George,NA,NA,NA,Obelemanya,"Routine Program Evaluation,Surveyor Team Visit",NA,NA,NA,NA,NA,NA,NA,NA,NA,NA,NA,NA,NA,NA,NA,NA,NA,NA,NA,NA,NA,NA,NA,NA,NA,NA,NA,NA,NA,NA,NA
2023-08-30 04:15:36,392,R_mY3tZFca08RgVMj,5.852018,-0.459693,George,NA,NA,NA,Mamakrom,"Routine Program Evaluation,Other",Menstrual kits,NA,NA,NA,NA,NA,NA,NA,NA,NA,NA,NA,NA,NA,NA,NA,NA,NA,NA,NA,NA,NA,NA,NA,NA,NA,NA,NA,NA,NA,NA
2024-01-11 03:03:31,250,R_oHlViGJhHsAYiEm,5.897997,-0.276152,George,NA,NA,NA,Obosonu,Routine Program Evaluation,NA,NA,NA,NA,NA,NA,NA,NA,NA,NA,NA,NA,NA,NA,NA,NA,NA,NA,NA,NA,NA,NA,NA,NA,NA,NA,NA,NA,NA,NA,NA
2024-01-11 04:05:29,547,R_0mIx1UkITIrloM9,5.912202,-0.256322,George,NA,NA,NA,Akwansu,"MGR Maintenance,Routine Program Evaluation",NA,NA,NA,NA,NA,NA,NA,NA,NA,NA,NA,NA,NA,NA,NA,NA,NA,NA,NA,NA,NA,NA,NA,NA,NA,NA,NA,NA,NA,NA,NA
2024-01-15 03:13:50,338,R_lboxfGFUBJ5gQBZ,5.817155,0.318347,George,NA,NA,NA,Minya,"MGR Maintenance,Routine Program Evaluation",NA,NA,NA,NA,NA,NA,NA,NA,NA,NA,NA,NA,NA,NA,NA,NA,NA,NA,NA,NA,NA,NA,NA,NA,NA,NA,NA,NA,NA,NA,NA
2024-01-15 04:15:49,406,R_1P7jfXkXxwgSTfq,NA,NA,George,NA,NA,NA,Amuyaokope,MGR Maintenance,NA,NA,NA,NA,NA,NA,NA,NA,NA,NA,NA,NA,NA,NA,NA,NA,NA,NA,NA,NA,NA,NA,NA,NA,NA,NA,NA,NA,NA,NA,NA
2024-01-15 05:25:22,345,R_luNZKkkvmM2u9o3,5.985958,0.356837,George,NA,NA,NA,Luta,Routine Program Evaluation,NA,NA,NA,NA,NA,NA,NA,NA,NA,NA,NA,NA,NA,NA,NA,NA,NA,NA,NA,NA,NA,NA,NA,NA,NA,NA,NA,NA,NA,NA,NA
2024-01-15 06:02:31,263,R_93fmY8drTj8XHbb,NA,NA,George,NA,NA,NA,Madavunu,Routine Program Evaluation,NA,NA,NA,NA,NA,NA,NA,NA,NA,NA,NA,NA,NA,NA,NA,NA,NA,NA,NA,NA,NA,NA,NA,NA,NA,NA,NA,NA,NA,NA,NA
2024-01-15 06:21:11,264,R_lvLP75VQPM9MI66,6.004467,0.425783,George,NA,NA,NA,Terhey,Routine Program Evaluation,NA,NA,NA,NA,NA,NA,NA,NA,NA,NA,NA,NA,NA,NA,NA,NA,NA,NA,NA,NA,NA,NA,NA,NA,NA,NA,NA,NA,NA,NA,NA
"{""ImportId"":""startDate"",""timeZone"":""America/Denver""}","{""ImportId"":""duration""}","{""ImportId"":""_recordId""}","{""ImportId"":""locationLatitude""}","{""ImportId"":""locationLongitude""}","{""ImportId"":""QID43""}","{""ImportId"":""QID43_4_TEXT""}",NA,NA,"{""ImportId"":""QID1""}","{""ImportId"":""QID18""}","{""ImportId"":""QID18_5_TEXT""}",NA,NA,NA,NA,NA,NA,NA,NA,NA,NA,NA,NA,NA,NA,NA,NA,NA,NA,NA,NA,NA,NA,NA,NA,NA,NA,NA,NA,NA,NA
2018-10-23 04:22:57,303,R_o3FLbgTsSAXeRsO,10.831607999999999236706571537069976329803466796875,-0.86100699999999996681054881264572031795978546142578125,Richard,NA,NA,NA,Yorogo-Asorogobisi,"MGR Maintenance,Routine Program Evaluation,Surveyor Team Visit,Project Update Visit",NA,NA,NA,NA,NA,NA,NA,NA,NA,NA,NA,NA,NA,NA,NA,NA,NA,NA,NA,NA,NA,NA,NA,NA,NA,NA,NA,NA,NA,NA,NA
2018-10-23 06:15:19,325,R_ns2dQWwP8WxQbUv,10.8469619999999995485495674074627459049224853515625,-0.925443000000000015603518477291800081729888916015625,Richard,NA,NA,NA,Anateem Sumbrungu,"Routine Program Evaluation,Surveyor Team Visit",NA,NA,NA,NA,NA,NA,NA,NA,NA,NA,NA,NA,NA,NA,NA,NA,NA,NA,NA,NA,NA,NA,NA,NA,NA,NA,NA,NA,NA,NA,NA
2018-10-24 03:40:35,309,R_3C5yfHQ5Kywz03v,10.825993000000000421323420596309006214141845703125,-0.97543699999999999850075482754618860781192779541015625,Richard,NA,NA,NA,Anateem Sumbrungu,"MGR Maintenance,Routine Program Evaluation,Surveyor Team Visit",NA,NA,NA,NA,NA,NA,NA,NA,NA,NA,NA,NA,NA,NA,NA,NA,NA,NA,NA,NA,NA,NA,NA,NA,NA,NA,NA,NA,NA,NA,NA
2018-11-08 04:40:41,203,R_eiGDdibJLZbzATQ,6.2971669999999999589590515824966132640838623046875,-0.689459999999999961772800816106610000133514404296875,Richard,NA,NA,NA,Ekorso-Akuoadu,Routine Program Evaluation,NA,NA,NA,NA,NA,NA,NA,NA,NA,NA,NA,NA,NA,NA,NA,NA,NA,NA,NA,NA,NA,NA,NA,NA,NA,NA,NA,NA,NA,NA,NA
2019-02-19 03:51:19,310,R_8FTyN7cZKIIEHOp,5.12149300000000007315748007385991513729095458984375,-1.95144800000000007145217750803567469120025634765625,George,NA,NA,NA,Community School 9,"MGR Maintenance,Routine Program Evaluation,Surveyor Team Visit",NA,NA,NA,NA,NA,NA,NA,NA,NA,NA,NA,NA,NA,NA,NA,NA,NA,NA,NA,NA,NA,NA,NA,NA,NA,NA,NA,NA,NA,NA,NA
2019-02-19 01:43:35,215,R_fnxTOwCRhBlEShI,5.09704099999999993286792232538573443889617919921875,-1.95583200000000001494981916039250791072845458984375,George,NA,NA,NA,Community School 3,"Routine Program Evaluation,Surveyor Team Visit",NA,NA,NA,NA,NA,NA,NA,NA,NA,NA,NA,NA,NA,NA,NA,NA,NA,NA,NA,NA,NA,NA,NA,NA,NA,NA,NA,NA,NA,NA,NA
2019-02-18 05:55:03,695,R_2nRIG2w1srzMijs,5.29963699999999970913222568924538791179656982421875,-2.072169000000000149697143569937907159328460693359375,George,NA,NA,NA,Wangarakrom-Tarkuea,"Routine Program Evaluation,Surveyor Team Visit",NA,NA,NA,NA,NA,NA,NA,NA,NA,NA,NA,NA,NA,NA,NA,NA,NA,NA,NA,NA,NA,NA,NA,NA,NA,NA,NA,NA,NA,NA,NA
2019-02-15 02:53:32,541,R_eKEoYJYHjBTrXwy,6.0249199999999998311750459834001958370208740234375,0.2591959999999999819664253664086572825908660888671875,George,NA,NA,NA,Nyapienya,"Routine Program Evaluation,Surveyor Team Visit",NA,NA,NA,NA,NA,NA,NA,NA,NA,NA,NA,NA,NA,NA,NA,NA,NA,NA,NA,NA,NA,NA,NA,NA,NA,NA,NA,NA,NA,NA,NA
2019-02-14 06:59:31,300,R_ktJnVbST9AnSBjM,5.8486320000000002750084604485891759395599365234375,0.046842000000000001691535800318888504989445209503173828125,George,NA,NA,NA,Mongpong Shai,"Routine Program Evaluation,Surveyor Team Visit",NA,NA,NA,NA,NA,NA,NA,NA,NA,NA,NA,NA,NA,NA,NA,NA,NA,NA,NA,NA,NA,NA,NA,NA,NA,NA,NA,NA,NA,NA,NA
2019-02-14 04:55:22,248,R_3legOSmRg1Sr7cc,5.86333000000000037488234738702885806560516357421875,0.032557000000000002604139126560767181217670440673828125,George,NA,NA,NA,Dedenya,"Routine Program Evaluation,Surveyor Team Visit",NA,NA,NA,NA,NA,NA,NA,NA,NA,NA,NA,NA,NA,NA,NA,NA,NA,NA,NA,NA,NA,NA,NA,NA,NA,NA,NA,NA,NA,NA,NA
2019-02-08 03:26:56,488,R_fNggvWuSrKLuglg,5.94586099999999984078158377087675034999847412109375,-0.326873000000000024645174789839074946939945220947265625,George,NA,NA,NA,Afransua Dedewa M/A Primary School,"Routine Program Evaluation,Surveyor Team Visit",NA,NA,NA,NA,NA,NA,NA,NA,NA,NA,NA,NA,NA,NA,NA,NA,NA,NA,NA,NA,NA,NA,NA,NA,NA,NA,NA,NA,NA,NA,NA
2019-02-01 05:49:17,1020,R_lRihW4b7dzahcvD,6.35809400000000035646507967612706124782562255859375,-0.66247500000000003606004383982508443295955657958984375,George,NA,NA,NA,Abrenya,"MGR Maintenance,Routine Program Evaluation,Surveyor Team Visit",NA,NA,NA,NA,NA,NA,NA,NA,NA,NA,NA,NA,NA,NA,NA,NA,NA,NA,NA,NA,NA,NA,NA,NA,NA,NA,NA,NA,NA,NA,NA
2019-01-22 06:19:00,610,R_0t4rJiL7pkHkgX2,5.96158199999999993679011822678148746490478515625,-0.53711600000000003785061153394053690135478973388671875,George,NA,NA,NA,Fawotrikosie,"MGR Maintenance,Routine Program Evaluation,Surveyor Team Visit",NA,NA,NA,NA,NA,NA,NA,NA,NA,NA,NA,NA,NA,NA,NA,NA,NA,NA,NA,NA,NA,NA,NA,NA,NA,NA,NA,NA,NA,NA,NA
2019-01-22 04:55:21,417,R_hthwh6pXZW4a5Uc,5.90318400000000043092995838378556072711944580078125,-0.52238799999999996348520880928845144808292388916015625,George,NA,NA,NA,Wurudu Wurudu,"MGR Maintenance,Routine Program Evaluation,Surveyor Team Visit",NA,NA,NA,NA,NA,NA,NA,NA,NA,NA,NA,NA,NA,NA,NA,NA,NA,NA,NA,NA,NA,NA,NA,NA,NA,NA,NA,NA,NA,NA,NA
2019-01-21 03:36:54,1187,R_hYarIppgNOewkxC,5.85162899999999996936139723402447998523712158203125,-0.4598079999999999945003992252168245613574981689453125,George,NA,NA,NA,Mamakrom,"MGR Maintenance,Surveyor Team Visit",NA,NA,NA,NA,NA,NA,NA,NA,NA,NA,NA,NA,NA,NA,NA,NA,NA,NA,NA,NA,NA,NA,NA,NA,NA,NA,NA,NA,NA,NA,NA
2019-01-28 03:27:34,306,R_5sMjyQthXo4Bomm,6.37192299999999978155074131791479885578155517578125,-1.0635380000000000944027078730869106948375701904296875,Richard,NA,NA,NA,Bepotumtum,"MGR Maintenance,Surveyor Team Visit",NA,NA,NA,NA,NA,NA,NA,NA,NA,NA,NA,NA,NA,NA,NA,NA,NA,NA,NA,NA,NA,NA,NA,NA,NA,NA,NA,NA,NA,NA,NA
2019-03-27 05:46:04,382,R_e1022aBxBYtcdnT,5.98622799999999966047425914439372718334197998046875,0.3571940000000000114965814645984210073947906494140625,George,NA,NA,NA,Luta,"Routine Program Evaluation,Surveyor Team Visit",NA,NA,NA,NA,NA,NA,NA,NA,NA,NA,NA,NA,NA,NA,NA,NA,NA,NA,NA,NA,NA,NA,NA,NA,NA,NA,NA,NA,NA,NA,NA
2019-03-27 03:36:18,1293,R_e0XcibkC693w7Rm,5.9525839999999998752855390193872153759002685546875,0.371093999999999979433340513423900119960308074951171875,George,NA,NA,NA,Amuyaokope,"MGR Maintenance,Routine Program Evaluation,Surveyor Team Visit",NA,NA,NA,NA,NA,NA,NA,NA,NA,NA,NA,NA,NA,NA,NA,NA,NA,NA,NA,NA,NA,NA,NA,NA,NA,NA,NA,NA,NA,NA,NA
2019-03-26 07:11:35,7777,R_hPCKSjQJ4QY1mFM,5.8172019999999999839701558812521398067474365234375,0.31826399999999999135269490579958073794841766357421875,George,NA,NA,NA,Minya D/A Basic School,"MGR Maintenance,Routine Program Evaluation,Surveyor Team Visit",NA,NA,NA,NA,NA,NA,NA,NA,NA,NA,NA,NA,NA,NA,NA,NA,NA,NA,NA,NA,NA,NA,NA,NA,NA,NA,NA,NA,NA,NA,NA
2019-03-21 07:24:36,361,R_5mn678J4Go2eSqN,10.8257390000000004448565960046835243701934814453125,-0.975481999999999960238028506864793598651885986328125,George,NA,NA,NA,Anateem Sumbrungu,"Routine Program Evaluation,Surveyor Team Visit,Other",Science kits,NA,NA,NA,NA,NA,NA,NA,NA,NA,NA,NA,NA,NA,NA,NA,NA,NA,NA,NA,NA,NA,NA,NA,NA,NA,NA,NA,NA,NA,NA
2019-03-21 03:45:36,612,R_6XElh6q6dqHOCbw,10.8469449999999998368593878694809973239898681640625,-0.92548399999999997334043655428104102611541748046875,George,NA,NA,NA,Ataampuutum,"MGR Maintenance,Routine Program Evaluation,Surveyor Team Visit",NA,NA,NA,NA,NA,NA,NA,NA,NA,NA,NA,NA,NA,NA,NA,NA,NA,NA,NA,NA,NA,NA,NA,NA,NA,NA,NA,NA,NA,NA,NA
2019-03-20 08:03:52,333,R_hQhgYAnnXnt8yWy,10.8608890000000002373781171627342700958251953125,-0.89955799999999996874322505391319282352924346923828125,George,NA,NA,NA,Nyariga Girls School,"MGR Maintenance,Routine Program Evaluation,Surveyor Team Visit",NA,NA,NA,NA,NA,NA,NA,NA,NA,NA,NA,NA,NA,NA,NA,NA,NA,NA,NA,NA,NA,NA,NA,NA,NA,NA,NA,NA,NA,NA,NA
2019-03-20 04:26:01,2531,R_6aeA4S5RcHjub6f,11.2143169999999994246309142909012734889984130859375,-0.97684599999999999209165935099008493125438690185546875,George,NA,NA,NA,Yorogo-Asorogobisi,"Routine Program Evaluation,Surveyor Team Visit,Other",Science kits microscope,NA,NA,NA,NA,NA,NA,NA,NA,NA,NA,NA,NA,NA,NA,NA,NA,NA,NA,NA,NA,NA,NA,NA,NA,NA,NA,NA,NA,NA,NA
2019-02-22 03:10:17,532,R_maPNBlKj7g6GYb7,7.628142000000000422232915298081934452056884765625,-0.97092299999999998050270733074285089969635009765625,George,NA,NA,NA,Watro (Watroso),"Routine Program Evaluation,Surveyor Team Visit",NA,NA,NA,NA,NA,NA,NA,NA,NA,NA,NA,NA,NA,NA,NA,NA,NA,NA,NA,NA,NA,NA,NA,NA,NA,NA,NA,NA,NA,NA,NA
2019-02-22 01:30:03,399,R_7V5sJTfHDpsXPWS,7.8024199999999996890664988313801586627960205078125,-1.01273999999999997356781022972427308559417724609375,George,NA,NA,NA,Nwowom,"Routine Program Evaluation,Surveyor Team Visit",NA,NA,NA,NA,NA,NA,NA,NA,NA,NA,NA,NA,NA,NA,NA,NA,NA,NA,NA,NA,NA,NA,NA,NA,NA,NA,NA,NA,NA,NA,NA
2019-02-21 04:33:21,403,R_gr6oLzdczVTN5Ny,7.6627179999999999182591636781580746173858642578125,-0.99069799999999996753530240312102250754833221435546875,George,NA,NA,NA,Old KonKrompe,"Routine Program Evaluation,Surveyor Team Visit",NA,NA,NA,NA,NA,NA,NA,NA,NA,NA,NA,NA,NA,NA,NA,NA,NA,NA,NA,NA,NA,NA,NA,NA,NA,NA,NA,NA,NA,NA,NA
2019-06-19 07:25:30,3209,R_0qSGFfehTkezcbb,5.98645099999999974471620589611120522022247314453125,0.357018000000000002014388655879884026944637298583984375,George,NA,NA,NA,Luta,"Routine Program Evaluation,Surveyor Team Visit",NA,NA,NA,NA,NA,NA,NA,NA,NA,NA,NA,NA,NA,NA,NA,NA,NA,NA,NA,NA,NA,NA,NA,NA,NA,NA,NA,NA,NA,NA,NA
2019-06-19 05:40:28,538,R_bAjZGgM2GBla9Id,5.9524980000000002888782546506263315677642822265625,0.371087000000000000188293824976426549255847930908203125,George,NA,NA,NA,Amuyaokope,"MGR Maintenance,Routine Program Evaluation,Surveyor Team Visit",NA,NA,NA,NA,NA,NA,NA,NA,NA,NA,NA,NA,NA,NA,NA,NA,NA,NA,NA,NA,NA,NA,NA,NA,NA,NA,NA,NA,NA,NA,NA
2019-06-19 03:18:48,1431,R_3toTEFxzegt72GX,5.817220999999999975216269376687705516815185546875,0.318188999999999999612754209010745398700237274169921875,George,NA,NA,NA,Minya D/A Basic School,"Routine Program Evaluation,Surveyor Team Visit",NA,NA,NA,NA,NA,NA,NA,NA,NA,NA,NA,NA,NA,NA,NA,NA,NA,NA,NA,NA,NA,NA,NA,NA,NA,NA,NA,NA,NA,NA,NA
2019-06-13 05:19:35,471,R_c89GevBjWzrQ6lA,5.8331619999999997361328496481291949748992919921875,0.64800899999999994616217691145720891654491424560546875,George,NA,NA,NA,Tuanikope,"Routine Program Evaluation,Surveyor Team Visit",NA,NA,NA,NA,NA,NA,NA,NA,NA,NA,NA,NA,NA,NA,NA,NA,NA,NA,NA,NA,NA,NA,NA,NA,NA,NA,NA,NA,NA,NA,NA
2019-06-13 02:19:29,7325,R_kTRZwUOdIUTQnSo,5.78365799999999996572341842693276703357696533203125,0.6601879999999999970583530739531852304935455322265625,George,NA,NA,NA,Azizakope,"Routine Program Evaluation,Surveyor Team Visit",NA,NA,NA,NA,NA,NA,NA,NA,NA,NA,NA,NA,NA,NA,NA,NA,NA,NA,NA,NA,NA,NA,NA,NA,NA,NA,NA,NA,NA,NA,NA
2019-06-12 07:02:08,789,R_dzOZQMw5WjRvh3U,5.8024480000000000501358954352326691150665283203125,0.59558100000000002705036195038701407611370086669921875,George,NA,NA,NA,Obane,"Routine Program Evaluation,Surveyor Team Visit",NA,NA,NA,NA,NA,NA,NA,NA,NA,NA,NA,NA,NA,NA,NA,NA,NA,NA,NA,NA,NA,NA,NA,NA,NA,NA,NA,NA,NA,NA,NA
2019-06-11 06:06:15,947,R_1S60sbo3xIiNB6h,5.90289299999999972357045407989062368869781494140625,-0.52222299999999999275956952260457910597324371337890625,George,NA,NA,NA,Wurudu Wurudu,Routine Program Evaluation,NA,NA,NA,NA,NA,NA,NA,NA,NA,NA,NA,NA,NA,NA,NA,NA,NA,NA,NA,NA,NA,NA,NA,NA,NA,NA,NA,NA,NA,NA,NA
2019-06-11 03:36:58,730,R_gPSolV5HiuJyD13,5.85283700000000006724576451233588159084320068359375,-0.459811000000000025256241542592761106789112091064453125,George,NA,NA,NA,Mamakrom,Routine Program Evaluation,NA,NA,NA,NA,NA,NA,NA,NA,NA,NA,NA,NA,NA,NA,NA,NA,NA,NA,NA,NA,NA,NA,NA,NA,NA,NA,NA,NA,NA,NA,NA
2019-06-07 07:18:42,206,R_4UV9AuJ1Q0sRgXa,5.96145299999999966900077197351492941379547119140625,-0.53762399999999999078426071719150058925151824951171875,George,NA,NA,NA,Nwowom,"MGR Maintenance,Routine Program Evaluation,Other",Menstrual kits,NA,NA,NA,NA,NA,NA,NA,NA,NA,NA,NA,NA,NA,NA,NA,NA,NA,NA,NA,NA,NA,NA,NA,NA,NA,NA,NA,NA,NA,NA
2019-06-07 07:14:16,261,R_7YkZfK76odlEvqH,5.9614250000000001961097950697876513004302978515625,-0.5376659999999999772768433103919960558414459228515625,George,NA,NA,NA,Watro (Watroso),"MGR Maintenance,Routine Program Evaluation,Other",Menstrual kits,NA,NA,NA,NA,NA,NA,NA,NA,NA,NA,NA,NA,NA,NA,NA,NA,NA,NA,NA,NA,NA,NA,NA,NA,NA,NA,NA,NA,NA,NA
2019-06-07 07:05:54,496,R_6fPuF8HrR1tQDEK,5.9614589999999996194901541457511484622955322265625,-0.5376440000000000107860387288383208215236663818359375,George,NA,NA,NA,Fawotrikosie,"MGR Maintenance,Routine Program Evaluation",NA,NA,NA,NA,NA,NA,NA,NA,NA,NA,NA,NA,NA,NA,NA,NA,NA,NA,NA,NA,NA,NA,NA,NA,NA,NA,NA,NA,NA,NA,NA
2019-05-23 02:32:11,4158,R_9GZZVhdjCxZJwfD,7.01926900000000042467718230909667909145355224609375,-1.11759100000000000108002495835535228252410888671875,George,NA,NA,NA,Dagomba,"Routine Program Evaluation,Surveyor Team Visit",NA,NA,NA,NA,NA,NA,NA,NA,NA,NA,NA,NA,NA,NA,NA,NA,NA,NA,NA,NA,NA,NA,NA,NA,NA,NA,NA,NA,NA,NA,NA
2019-05-22 07:29:08,68575,R_0f3sQtlinpv4n25,7.019087999999999993860910763032734394073486328125,-1.1178019999999999622986024405690841376781463623046875,George,NA,NA,NA,Bahankra,"Routine Program Evaluation,Surveyor Team Visit,Project Update Visit",NA,NA,NA,NA,NA,NA,NA,NA,NA,NA,NA,NA,NA,NA,NA,NA,NA,NA,NA,NA,NA,NA,NA,NA,NA,NA,NA,NA,NA,NA,NA
2019-05-21 04:28:07,1097,R_5yHagBzIBz7OUsB,5.80083299999999990603782862308435142040252685546875,-0.32069300000000000583355586059042252600193023681640625,George,NA,NA,NA,Afransua Dedewa M/A Primary School,Routine Program Evaluation,NA,NA,NA,NA,NA,NA,NA,NA,NA,NA,NA,NA,NA,NA,NA,NA,NA,NA,NA,NA,NA,NA,NA,NA,NA,NA,NA,NA,NA,NA,NA
2019-06-12 05:55:24,103,R_iiObKmXOmzCJ2Wl,6.29721300000000017149659470305778086185455322265625,-0.6895670000000000410267375627881847321987152099609375,Richard,NA,NA,NA,Ekorso-Akuoadu,"Routine Program Evaluation,Surveyor Team Visit,Project Update Visit",NA,NA,NA,NA,NA,NA,NA,NA,NA,NA,NA,NA,NA,NA,NA,NA,NA,NA,NA,NA,NA,NA,NA,NA,NA,NA,NA,NA,NA,NA,NA
2019-06-12 05:57:11,4439,R_nkh1bCe4Zd0lEa6,8,-2,Richard,NA,NA,NA,Wekpeti Abresu,"Routine Program Evaluation,Surveyor Team Visit,Project Update Visit",NA,NA,NA,NA,NA,NA,NA,NA,NA,NA,NA,NA,NA,NA,NA,NA,NA,NA,NA,NA,NA,NA,NA,NA,NA,NA,NA,NA,NA,NA,NA
2019-06-13 05:29:32,232,R_f4JXk4INoOFnyJC,6.37189199999999988932586347800679504871368408203125,-1.0637319999999998998418959672562777996063232421875,Richard,NA,NA,NA,Bepotumtum,"MGR Maintenance,Routine Program Evaluation,Surveyor Team Visit,Project Update Visit",NA,NA,NA,NA,NA,NA,NA,NA,NA,NA,NA,NA,NA,NA,NA,NA,NA,NA,NA,NA,NA,NA,NA,NA,NA,NA,NA,NA,NA,NA,NA
2019-06-17 06:14:28,151,R_emgKBCnDdtgt5Mn,8,-2,Richard,NA,NA,NA,Essam Golden Sunbeam Montessori School,"Routine Program Evaluation,Surveyor Team Visit,Project Update Visit",NA,NA,NA,NA,NA,NA,NA,NA,NA,NA,NA,NA,NA,NA,NA,NA,NA,NA,NA,NA,NA,NA,NA,NA,NA,NA,NA,NA,NA,NA,NA
2019-07-10 05:17:55,645,R_5jOEziRjCiEbGVl,5.299504999999999910187398199923336505889892578125,-2.072131000000000167204916579066775739192962646484375,George,NA,NA,NA,Wangarakrom-Tarkuea,"Routine Program Evaluation,Surveyor Team Visit",NA,NA,NA,NA,NA,NA,NA,NA,NA,NA,NA,NA,NA,NA,NA,NA,NA,NA,NA,NA,NA,NA,NA,NA,NA,NA,NA,NA,NA,NA,NA
2019-07-03 07:25:26,1066,R_3sNQsL0ZG0TpWCx,6.02479799999999965365304888109676539897918701171875,0.25905400000000000648725517748971469700336456298828125,George,NA,NA,NA,Nyapienya,"Routine Program Evaluation,Surveyor Team Visit",NA,NA,NA,NA,NA,NA,NA,NA,NA,NA,NA,NA,NA,NA,NA,NA,NA,NA,NA,NA,NA,NA,NA,NA,NA,NA,NA,NA,NA,NA,NA
2019-06-27 08:48:02,282,R_9JeALj5tsgfCtpX,5.972260999999999597775968140922486782073974609375,0.4241369999999999862438926356844604015350341796875,George,NA,NA,NA,Terhey,"Routine Program Evaluation,Surveyor Team Visit",NA,NA,NA,NA,NA,NA,NA,NA,NA,NA,NA,NA,NA,NA,NA,NA,NA,NA,NA,NA,NA,NA,NA,NA,NA,NA,NA,NA,NA,NA,NA
2019-06-27 08:24:37,1380,R_9CJCxVH0w5xjBpF,5.9721700000000002006572685786522924900054931640625,0.423933999999999977514875126871629618108272552490234375,George,NA,NA,NA,Madavunu,"Routine Program Evaluation,Surveyor Team Visit",NA,NA,NA,NA,NA,NA,NA,NA,NA,NA,NA,NA,NA,NA,NA,NA,NA,NA,NA,NA,NA,NA,NA,NA,NA,NA,NA,NA,NA,NA,NA
2019-07-16 05:03:37,273,R_eSzuUsyQrAjX2ji,6.2311759999999996040287442156113684177398681640625,-0.057538999999999999868105504674531402997672557830810546875,Isaac,NA,NA,NA,Yonguase M/A Basic School,"Routine Program Evaluation,Other",Menstrual kits distribution,NA,NA,NA,NA,NA,NA,NA,NA,NA,NA,NA,NA,NA,NA,NA,NA,NA,NA,NA,NA,NA,NA,NA,NA,NA,NA,NA,NA,NA,NA
2019-10-17 05:29:46,178,R_haWcF3RQ4KqZnQO,6.3163210000000002963815859402529895305633544921875,-0.0168139999999999990853982723137960419990122318267822265625,Isaac,NA,NA,NA,Other,Routine Program Evaluation,NA,NA,NA,NA,NA,NA,NA,NA,NA,NA,NA,NA,NA,NA,NA,NA,NA,NA,NA,NA,NA,NA,NA,NA,NA,NA,NA,NA,NA,NA,NA
2019-03-12 05:46:54,139,R_iyDfdUewJIZMfwm,6.84928899999999973857711665914393961429595947265625,-1.135359999999999924824578556581400334835052490234375,Richard,NA,NA,NA,Bahankra,"Routine Program Evaluation,Surveyor Team Visit,Project Update Visit",NA,NA,NA,NA,NA,NA,NA,NA,NA,NA,NA,NA,NA,NA,NA,NA,NA,NA,NA,NA,NA,NA,NA,NA,NA,NA,NA,NA,NA,NA,NA
2020-02-04 07:25:51,463,R_khjEzNZSy4vUCtv,7.66292099999999987147702995571307837963104248046875,-0.9905150000000000343192141372128389775753021240234375,George,NA,NA,NA,Old KonKrompe,"MGR Maintenance,Routine Program Evaluation,Surveyor Team Visit",NA,NA,NA,NA,NA,NA,NA,NA,NA,NA,NA,NA,NA,NA,NA,NA,NA,NA,NA,NA,NA,NA,NA,NA,NA,NA,NA,NA,NA,NA,NA
2019-07-11 03:28:16,373,R_eKYfVUrzaoUvvH4,5.121520000000000294448909698985517024993896484375,-1.9512329999999999952109419609769247472286224365234375,George,NA,NA,NA,Community School 9,"Routine Program Evaluation,Surveyor Team Visit",NA,NA,NA,NA,NA,NA,NA,NA,NA,NA,NA,NA,NA,NA,NA,NA,NA,NA,NA,NA,NA,NA,NA,NA,NA,NA,NA,NA,NA,NA,NA
2019-07-11 01:50:21,479,R_8hyJxdyZfJI7yV5,5.0971840000000003811919668805785477161407470703125,-1.956005999999999911409531705430708825588226318359375,George,NA,NA,NA,Community School 3,"Routine Program Evaluation,Surveyor Team Visit",NA,NA,NA,NA,NA,NA,NA,NA,NA,NA,NA,NA,NA,NA,NA,NA,NA,NA,NA,NA,NA,NA,NA,NA,NA,NA,NA,NA,NA,NA,NA
