School Name,Region,EPI Start Year,Latitude,Longitude,MGR,Non-Generating MGR,Feminine Hygiene Kits,Science Kits,Library,Computer,Construction Projects,Boreholes,Solar Power,Biofill Toilets,Light a Village,Starlink,7/17/2026,6/18/2026
Abrenya,Eastern,2012,6.324242861,-0.583628271,1,0,1,1,0,0,1,1,0,0,0,0,0,NA
Adenya,Eastern,2010,5.965312,-0.175099,1,0,1,1,1,0,0,0,0,0,0,0,0,NA
Ador Kope R/C Primary,Greater Accra,2019,7.114074,0.125415,1,0,1,1,0,1,0,0,1,0,0,0,0,NA
Afransua Dedewa MA Primary,Eastern,2014,5.945836,-0.326155,1,0,1,1,0,1,2,1,0,0,0,0,1,NA
Akwanserem,Eastern,2024,6.3915879,-0.3794522,1,0,1,1,0,0,0,0,1,0,0,0,0,NA
Akwansu,Eastern,2019,5.9237,-0.250044,1,0,1,1,0,0,0,0,1,0,0,0,0,NA
Akyeremanteng,Eastern,2010,6.169539,-0.198325,1,0,1,1,0,0,0,0,0,0,0,0,0,NA
Alorkpem Island,Greater Accra,2010,5.794063455,0.647504764,1,0,1,1,1,1,0,0,1,0,0,1,0,NA
Amuyaokope,Greater Accra,2010,5.952769,0.370543,1,0,1,1,0,1,0,1,0,0,0,0,1,NA
Anamenampa,Eastern,2010,5.8826332,-0.2618769,1,0,1,1,0,0,0,0,0,0,0,0,1,NA
Anateem Sumbrungu,Eastern,2011,10.826496,-0.975049,1,0,1,1,0,0,0,0,0,0,0,0,0,NA
Apaah,Eastern,2025,6.416,-0.436,1,0,1,1,0,0,0,0,1,0,0,0,0,NA
Ataampuutum A/B,Upper East,2011,10.846948,-0.92541,1,0,1,1,0,0,0,0,0,0,0,0,0,NA
Attabui,Eastern,2011,5.973529,-0.215901,1,0,1,1,1,1,1,1,0,0,0,0,0,NA
Avadre,NA,2026,6.3013,0.6894,0,1,1,1,0,0,0,0,0,0,0,0,0,NA
Azizakpem,Greater Accra,2012,5.783769,0.659856,1,0,1,1,0,0,0,0,0,0,0,0,0,NA
Bahankra,Ashanti,2013,6.863119,-1.134764,1,0,1,1,1,0,2,1,0,1,0,0,0,NA
Begoro,Eastern,2023,6.3928,-0.383,0,0,0,0,0,1,0,0,0,0,0,0,0,NA
Bepotumtum,Eastern,2013,6.368032383,-0.096746881,1,0,1,1,1,1,0,1,0,0,0,0,0,NA
Bomigo,Eastern,2013,5.814691,0.728023,1,0,1,1,1,1,0,0,0,0,0,0,0,NA
Community 3,Western,2015,5.097438,-1.956198,1,0,1,1,1,0,1,0,0,0,0,0,0,NA
Community 9,Western,2015,5.101386,-1.910758,1,0,1,1,0,0,1,0,0,0,0,0,0,NA
Dagomba,Ashanti,2013,7.019188,-1.117714,1,0,1,1,1,1,0,1,0,0,0,0,0,NA
Dedenya,Greater Accra,2008,5.857177342,0.049015377,0,1,1,1,0,1,0,0,0,0,0,0,1,NA
Dedewa,Greater Accra,2008,NA,NA,1,0,1,1,0,0,0,1,0,1,0,0,0,NA
Domase,Ashanti,2010,6.865585,-1.216795,1,0,1,1,0,0,1,1,0,0,0,0,0,NA
Ebourso,Bono East,2019,7.547051811,-1.198753976,1,0,0,1,0,0,0,0,0,0,0,0,0,NA
Ekorso Akwadum,Eastern,2012,6.303682,-0.725009,1,0,1,1,1,1,0,0,0,0,0,0,0,NA
Essam,Eastern,2008,6.018182,-0.975634,1,0,1,1,0,0,1,0,0,0,0,0,0,NA
Fanterila,Mali,2008,11.359305,-6.041992,1,0,1,1,0,0,0,0,0,0,0,0,0,NA
Fawotrikosie,Eastern,2016,5.961812,-0.537674,1,0,1,1,1,1,2,1,0,0,0,0,1,NA
Ferekoroba,Mali,2015,11.959291,-7.862025,1,0,1,1,0,0,0,0,0,0,0,0,0,NA
Galalia,Eastern,2014,6.691096,0.09821,1,0,1,1,0,0,1,0,0,0,0,0,0,NA
Gourcy Burkina Faso School,Burkina Faso,2017,13.219534,-2.347177,1,0,1,1,0,0,0,0,0,0,0,0,0,NA
Immanuel Christian Academy (Liberia),NA,2025,6.259301,-10.708433,0,0,1,0,0,0,0,0,0,0,0,0,0,NA
Koni Kablu,Greater Accra,2008,5.876078,0.337461,0,0,0,1,0,0,0,1,0,0,0,0,0,NA
Kpala Government,Eastern,2012,6.987634,0.11678,1,0,1,1,0,0,0,0,0,0,1,0,0,NA
Kpala Private,Eastern,2008,6.97744,0.121821,1,0,1,1,0,0,1,0,0,0,1,0,0,NA
Kurasua #1 MA,Bono,2014,7.281956,-2.435211,1,0,1,1,1,1,1,0,0,0,0,0,0,NA
Luta,Greater Accra,2010,5.952769,0.370543,1,0,1,1,0,1,0,0,0,0,0,1,1,NA
Madavunu,Greater Accra,2010,5.971462,0.424356,1,0,1,1,1,1,0,0,0,0,0,0,1,NA
Mamakrom,Eastern,2013,5.851524,-0.59891,1,0,1,1,1,0,1,0,0,0,0,0,0,NA
Mampong Shai,Greater Accra,2010,5.848272,0.046979,0,1,1,1,1,0,0,0,0,0,0,0,0,NA
Mansokwa,Central region,2019,5.578399,-0.881626,1,0,1,1,0,0,1,1,0,0,0,0,0,NA
Mantukwa,Bono,2019,7.387288,-2.3677887,1,0,1,1,0,0,0,0,0,0,0,0,0,NA
Meyikpoi,Eastern,2015,7.03562,0.097393,1,0,1,1,0,0,0,0,0,0,0,0,0,NA
Minya,Greater Accra,2008,5.817278,0.318109,1,0,1,1,0,0,1,1,0,0,0,0,0,NA
Mobia,Ashanti,2023,NA,NA,1,0,1,1,1,0,1,1,0,0,0,0,0,NA
Mosipanin,Ashanti,2017,NA,NA,1,0,1,1,0,0,1,0,1,0,0,0,0,NA
Mountain Rural Community (Sierra Leone),NA,2025,8.8136287,-12.0911511,0,0,1,0,0,0,0,0,0,0,0,0,0,NA
Mpaem,Eastern,2014,6.158015,-0.337939,1,0,1,1,1,1,1,1,0,0,0,0,0,NA
Ntomem,Eastern,2012,6.5372,0.60592,1,0,1,1,0,0,0,0,0,0,0,0,0,NA
Nwawasua MA,Bono,2014,7.342513,-2.340941,1,0,1,1,0,1,0,0,0,0,0,0,0,NA
Nwowom,Bono East,2013,7.812019471,-1.03033881,1,0,1,1,1,0,0,0,0,1,0,0,0,NA
Nyariga Girls' School,Upper East,2010,10.850795,-0.090442,1,0,1,1,0,0,0,0,0,0,0,0,0,NA
Nyapienya,Greater Accra,2015,6.024719,0.259324,1,0,1,1,1,0,1,0,0,1,0,0,0,NA
Obani,Greater Accra,2010,5.802072,0.595901,1,0,1,1,0,0,0,0,0,0,0,0,0,NA
Obelemanya,Eastern,2018,6.301957,-0.028104,1,0,1,1,0,0,0,0,0,0,0,0,0,NA
Obosonu,Eastern,2017,5.897846,-0.276222,1,0,1,1,0,1,0,1,0,0,0,0,0,NA
Old Konkompe,Bono East,2014,7.661959,-0.98914,1,0,1,1,0,0,1,0,0,1,0,0,0,NA
Oyoko,Eastern,2025,6.13857,-0.290613,0,0,0,0,0,1,0,0,0,0,0,0,0,NA
Paynesville Community (Liberia),NA,2025,6.2681875,-10.6945625,0,0,1,0,0,0,0,0,0,0,0,0,0,NA
Pediatorkope,Greater Accra,2009,5.819813,0.628755,1,0,1,1,0,1,1,0,1,0,0,1,1,NA
Salam Islamic (Sierra Leone),NA,2026,8.386937,-13.15195,0,0,1,0,0,0,0,0,0,0,0,0,0,NA
Terhey,Greater Accra,2010,6.003635,0.423684,1,0,1,1,0,0,0,0,0,0,0,0,0,NA
Torjeh,Greater Accra,2010,5.947827305,0.501367145,1,0,0,1,0,0,0,0,0,0,0,0,0,NA
Tsledom,Eastern,2021,6.21754801,-0.008548714,1,0,1,1,0,0,1,0,0,0,0,0,0,NA
Tuanikope,Greater Accra,2011,5.833265,0.647715,1,0,1,1,0,0,0,0,0,0,0,0,0,NA
Tun Tun,Greater Accra,2016,6.372092,-1.063541,1,0,1,1,0,0,0,0,0,0,0,0,0,NA
Wangarakrom,Western,2010,5.299536,-2.071712,1,0,1,1,0,0,0,0,0,0,0,0,0,NA
Watro (Watroso),Bono East,2013,7.627735,-0.970724,1,0,1,1,0,0,1,1,0,1,0,0,0,NA
Wekpeti Abresu,Eastern,2012,6.309288,-0.671626,1,0,1,1,1,0,0,0,0,0,0,0,0,NA
Wenamda,Ashanti,2019,6.990137,-1.099137,1,0,1,1,1,0,0,0,0,0,0,0,0,NA
Wurudu Wurudu,Eastern,2016,5.902147,-0.520959,1,0,1,1,0,1,1,1,0,1,0,0,1,NA
Yonguase,Eastern,2017,6.231239,-0.057362,1,0,1,1,0,0,0,0,0,0,0,0,0,NA
Yorogo-Asorogobisi,Upper East,2011,10.857724,-0.83599,1,0,1,1,0,0,0,1,0,0,0,0,0,NA
Zippo Nyuinyui,Eastern,2019,7.05859,0.120049,1,0,1,1,0,0,0,0,0,0,0,0,0,NA
